dacpac	sp_name	regex_sources	regex_targets	regex_exec	edge_count
classic	DBO.uspGetBillOfMaterials	[production].[billofmaterials],[production].[product]	-	-	2
classic	DBO.uspGetEmployeeManagers	[humanresources].[employee],[organizationnode].[getancestor],[organizationnode].[tostring],[person].[person]	-	-	2
classic	DBO.uspGetManagerEmployees	[humanresources].[employee],[organizationnode].[getancestor],[organizationnode].[tostring],[person].[person]	-	-	2
classic	DBO.uspGetWhereUsedProductID	[production].[billofmaterials],[production].[product]	-	-	2
classic	DBO.uspLogError	-	[dbo].[errorlog]	[dbo].[uspprinterror]	5
classic	DBO.uspPrintError	-	-	-	1
classic	DBO.uspSearchCandidateResumes	[humanresources].[jobcandidate]	-	-	1
classic	HUMANRESOURCES.uspUpdateEmployeeHireInfo	-	[humanresources].[employee],[humanresources].[employeepayhistory]	[dbo].[usplogerror]	3
classic	HUMANRESOURCES.uspUpdateEmployeeLogin	-	[humanresources].[employee]	[dbo].[usplogerror]	2
classic	HUMANRESOURCES.uspUpdateEmployeePersonalInfo	-	[humanresources].[employee]	[dbo].[usplogerror]	2
sdk-style	CORE.sp_build_budget	[core].[fn_calc_variance],[staging].[stg_budget]	[staging].[stg_budget]	-	3
sdk-style	CORE.sp_build_employee	[core].[fn_calc_tenure],[staging].[stg_employee],[staging].[stg_pay_history]	[core].[int_employee]	-	4
sdk-style	CORE.sp_build_product	[staging].[stg_inventory],[staging].[stg_product]	[core].[int_product]	-	3
sdk-style	CORE.sp_build_sales_order	[core].[fn_calc_margin],[staging].[stg_order_detail],[staging].[stg_order_header],[staging].[stg_product]	[core].[int_sales_order]	-	5
sdk-style	LEGACY.sp_backup_monthly	-	-	-	0
sdk-style	LEGACY.sp_export_to_file	-	[legacy].[tmp_export_buffer]	-	1
sdk-style	MART_SALES.sp_load_dim_customer	[staging].[stg_customer]	[mart_sales].[dim_customer]	-	2
sdk-style	MART_SALES.sp_load_dim_date	[core].[int_sales_order]	[mart_sales].[dim_date]	-	2
sdk-style	MART_SALES.sp_load_dim_product	[core].[int_product]	[mart_sales].[dim_product]	-	2
sdk-style	MART_SALES.sp_load_dim_territory	[src_sales].[tbl_territory]	[mart_sales].[dim_territory]	-	2
sdk-style	MART_SALES.sp_load_fact_sales	[core].[int_sales_order],[mart_sales].[dim_customer],[mart_sales].[dim_territory]	[mart_sales].[fact_sales]	-	4
sdk-style	MART_SALES.sp_load_fact_sales_bak	-	-	-	0
sdk-style	STAGING.sp_load_budget	-	-	-	1
sdk-style	STAGING.sp_load_customer	-	-	-	1
sdk-style	STAGING.sp_load_employee	[src_hr].[tbl_employee]	[staging].[stg_employee]	-	2
sdk-style	STAGING.sp_load_inventory	-	-	-	1
sdk-style	STAGING.sp_load_market_data	-	-	-	1
sdk-style	STAGING.sp_load_order_detail	-	-	-	1
sdk-style	STAGING.sp_load_order_header	-	-	-	1
sdk-style	STAGING.sp_load_pay_history	[src_hr].[tbl_pay_history]	[staging].[stg_pay_history]	-	2
sdk-style	STAGING.sp_load_product	-	-	-	1
customer	ADMIN.sp_GetReadyHistoricalSnapshotRunDetail	[admin].[historicalsnapshot],[admin].[historicalsnapshotrun],[admin].[historicalsnapshotrundetail]	-	-	3
customer	ADMIN.sp_GetRunningHistoricalSnapshotRun	[admin].[historicalsnapshot],[admin].[historicalsnapshotrun]	-	-	2
customer	ADMIN.sp_LoadControlConsolidateDataLakeBySource	[admin].[controlconsolidatedatalakebysource],[admin].[controlconsolidatedatalakebysourcestaging]	[admin].[controlconsolidatedatalakebysource],[admin].[historicalsnapshotserialization]	-	4
customer	ADMIN.sp_Pipeline_Audit	-	[admin].[pipeline_audit]	-	1
customer	ADMIN.sp_SetHistoricalSnapshotRunCompleted	[admin].[historicalsnapshotruntrigger]	[admin].[historicalsnapshotrun],[admin].[historicalsnapshotruntrigger]	[dbo].[logmessage],[dbo].[splastrowcount]	5
customer	ADMIN.sp_SetHistoricalSnapshotRunDetailCompleted	-	[admin].[historicalsnapshotrundetail]	-	1
customer	ADMIN.sp_SetHistoricalSnapshotRunDetailRunning	-	[admin].[historicalsnapshotrundetail]	-	1
customer	ADMIN.sp_SetHistoricalSnapshotRunTrigger	[admin].[historicalsnapshotruntrigger]	[admin].[historicalsnapshotruntrigger],[admin].[historicalsnapshotserialization]	[dbo].[logmessage]	5
customer	ADMIN.sp_SetUpControlsHistoricalSnapshotRun	[admin].[historicalsnapshot],[admin].[historicalsnapshotruntrigger]	[admin].[historicalsnapshotruntrigger]	[admin].[sp_setupcontrolshistoricalsnapshotruninserts],[dbo].[logmessage]	5
customer	ADMIN.sp_SetUpControlsHistoricalSnapshotRunInserts	[admin].[historicalsnapshot],[admin].[historicalsnapshotdetail],[admin].[historicalsnapshotrun],[admin].[historicalsnapshotrundetail]	[admin].[historicalsnapshotrun],[admin].[historicalsnapshotrundetail],[admin].[historicalsnapshotserialization]	[dbo].[logmessage]	9
customer	ADMIN.UpdateWatermarkColumnValue_odl	-	[admin].[maincontroltable_odl]	-	0
customer	ADMIN.UpdateWatermarkColumnValue_sv1	-	[admin].[etl_dwh01]	-	0
customer	CONSUMPTION_BUSINESSDEVELOPMENT.spLoadConsumption_BUSINESSDEVELOPMENT	-	-	[consumption_businessdevelopment].[sploaddashboard_invoices],[consumption_businessdevelopment].[sploaddashboard_servicefeevalue],[dbo].[logmessage]	3
customer	CONSUMPTION_BUSINESSDEVELOPMENT.spLoadDashboard_Invoices	[consumption_businessdevelopment].[dashboard_invoices],[consumption_finance].[aranalyticsdetailmetrics],[consumption_prima].[projects]	[consumption_businessdevelopment].[dashboard_invoices]	[dbo].[logmessage],[dbo].[splastrowcount]	6
customer	CONSUMPTION_BUSINESSDEVELOPMENT.spLoadDashboard_ServiceFeeValue	[consumption_businessdevelopment].[dashboard_servicefeevalue],[consumption_prima].[projects],[staging_cadence].[cadenceextract]	[consumption_businessdevelopment].[dashboard_servicefeevalue]	[dbo].[logmessage],[dbo].[splastrowcount]	5
customer	CONSUMPTION_CLINOPSFINANCE.spLoadCadenceBudget_Aggregations	[consumption_clinopsfinance].[cadencebudget_laborcost_primacontractutilization_junc],[consumption_clinopsfinance].[cadencebudgetdata_post],[consumption_clinopsfinance].[dateranges_pm]	[consumption_clinopsfinance].[cadencebudgetdata_actualcostofworkperformed],[consumption_clinopsfinance].[cadencebudgetdata_billableefficiency],[consumption_clinopsfinance].[cadencebudgetdata_billableefficiency_rankdetail],[consumption_clinopsfinance].[cadencebudgetdata_billableefficiency_task],[consumption_clinopsfinance].[cadencebudgetdata_earnedvalue]	[dbo].[logmessage],[dbo].[splastrowcount]	6
customer	CONSUMPTION_CLINOPSFINANCE.spLoadCadenceBudget_LaborCost_PrimaContractUtilization_Junc	[consumption_clinopsfinance].[cadencebudgetdata],[consumption_clinopsfinance].[daterangemonthclose_config],[consumption_clinopsfinance].[employeecontractutilization],[consumption_powerbi].[factlaborcostforearnedvalue],[dbo].[dimdate],[dbo].[udfdatetodatekey]	[consumption_clinopsfinance].[cadencebudget_laborcost_primacontractutilization_junc]	[dbo].[logmessage]	9
customer	CONSUMPTION_CLINOPSFINANCE.spLoadCadenceBudget_LaborCost_PrimaUtilization_Junc	[consumption_powerbi].[cadencebudgetdata],[consumption_powerbi].[employeeutilization],[consumption_powerbi].[factlaborcostforearnedvalue],[dbo].[dimdate],[dbo].[udfdatetodatekey]	[consumption_clinopsfinance].[cadencebudget_laborcost_primautilization_junc]	[dbo].[logmessage]	5
customer	CONSUMPTION_CLINOPSFINANCE.spLoadCadenceBudgetData	[consumption_clinopsfinance].[cadencebudgetdata],[consumption_prima].[globalcountries],[consumption_prima].[monthlyaveragecurrencyexchangerate],[dbo].[full_departmental_map],[staging_cadence].[cadenceextract],[staging_cadence].[cadenceoutofscoperecords],[staging_cadence].[departmenmapping],[staging_cadence].[monthlytasktaskcountry],[staging_cadence].[monthlytasktaskcountryglobalnocountry],[staging_cadence].[reconciliationev]	[consumption_clinopsfinance].[cadencebudgetdata],[staging_cadence].[departmenmapping]	[dbo].[logmessage],[dbo].[splastrowcount]	11
customer	CONSUMPTION_CLINOPSFINANCE.spLoadCadenceBudgetData_Post	[consumption_clinopsfinance].[cadencebudget_laborcost_primacontractutilization_junc],[consumption_clinopsfinance].[cadencebudgetdata],[dbo].[udfdatetodatekey]	[consumption_clinopsfinance].[cadencebudgetdata_post]	[dbo].[logmessage]	6
customer	CONSUMPTION_CLINOPSFINANCE.spLoadCadence-ETL	-	-	[consumption_clinopsfinance].[sploadcadencebudgetdata],[dbo].[logmessage],[staging_cadence].[sploadcadencecase0data],[staging_cadence].[sploadcadenceextractfunctionlocation],[staging_cadence].[sploadcadenceextracttaskcountry],[staging_cadence].[sploadcadenceoutofscoperecords],[staging_cadence].[sploadcountryreallocatets],[staging_cadence].[sploadfinalcountryreallocatets_case1],[staging_cadence].[sploadfinalcountryreallocatets_case2],[staging_cadence].[sploadfinalcountryreallocatets_case3],[staging_cadence].[sploadfinalcountryreallocatets_case4],[staging_cadence].[sploadfinalcountryreallocatets_nocountry],[staging_cadence].[sploadmonthlytasktaskcountry],[staging_cadence].[sploadmonthlytasktaskcountryglobalnocountry],[staging_cadence].[sploadnocountryreallocatets],[staging_cadence].[sploadreconciliation_case4.5],[staging_cadence].[sploadreconciliation_case5-6],[staging_cadence].[sploadtaskandfunctiondata]	18
customer	CONSUMPTION_CLINOPSFINANCE.spLoadDateRange	[consumption_clinopsfinance].[daterangemonthclose_config]	-	[consumption_clinopsfinance].[sploaddaterangedetails],[consumption_clinopsfinance].[sploaddaterangemonthclose_config],[dbo].[logmessage]	5
customer	CONSUMPTION_CLINOPSFINANCE.spLoadDateRangeDetails	[consumption_clinopsfinance].[dateranges],[consumption_clinopsfinance].[ranges],[consumption_clinopsfinance].[rangetype],[dbo].[udfdatetobomdate],[dbo].[udfdatetobomdatekey],[dbo].[udfdatetodatekey]	[consumption_clinopsfinance].[dateranges],[consumption_clinopsfinance].[ranges]	[dbo].[logmessage]	10
customer	CONSUMPTION_CLINOPSFINANCE.spLoadDateRangeMonthClose_Config	[consumption_clinopsfinance].[daterangemonthclose_config]	[consumption_clinopsfinance].[daterangemonthclose_config]	[dbo].[logmessage]	4
customer	CONSUMPTION_CLINOPSFINANCE.spLoadEmployeeContractUtilization	[consumption_clinopsfinance].[hrcontractattendance],[consumption_prima].[tsdurationforallemployees]	[consumption_clinopsfinance].[employeecontractutilization]	[dbo].[logmessage]	4
customer	CONSUMPTION_CLINOPSFINANCE.spLoadEmployeeContractUtilization_Aggregations	[consumption_clinopsfinance].[averagecontractfte_monthly],[consumption_clinopsfinance].[averagecontractfte_monthly_rankdetail],[consumption_clinopsfinance].[billability],[consumption_clinopsfinance].[billableefficiency_productivity_rankdetailaggregation],[consumption_clinopsfinance].[currency],[consumption_clinopsfinance].[dateranges_pm],[consumption_clinopsfinance].[employee_day_hours],[consumption_clinopsfinance].[employee_utilization_hours],[consumption_clinopsfinance].[employeeattendanceexpectedhoursutilization_monthly],[consumption_clinopsfinance].[employeeaveragefte_monthly_utilization_hours],[consumption_clinopsfinance].[employeecontractfte_monthly],[consumption_clinopsfinance].[employeecontractutilization_post],[consumption_clinopsfinance].[employeetimesheethours_utilization],[consumption_clinopsfinance].[hrcontractattendance],[consumption_clinopsfinance].[vfull_departmental_map_activeprima],[dbo].[udfdatekeytodate],[dbo].[udfdatetobomdatekey],[dbo].[udfdatetoeomdate]	[consumption_clinopsfinance].[averagecontractfte_monthly],[consumption_clinopsfinance].[averagecontractfte_monthly_rankdetail],[consumption_clinopsfinance].[billableefficiency_productivity_averagefte_monthly_rankdetailaggregation],[consumption_clinopsfinance].[employee_day_hours],[consumption_clinopsfinance].[employee_utilization_hours],[consumption_clinopsfinance].[employeeattendanceexpectedhoursutilization_monthly],[consumption_clinopsfinance].[employeeaveragefte_monthly_utilization_hours],[consumption_clinopsfinance].[employeeaveragefte_monthly_utilization_hours_rankdetail],[consumption_clinopsfinance].[employeecontractfte_monthly],[consumption_clinopsfinance].[employeetimesheethours_utilization]	[dbo].[logmessage],[dbo].[splastrowcount]	12
customer	CONSUMPTION_CLINOPSFINANCE.spLoadEmployeeContractUtilization_Post	[consumption_clinopsfinance].[cadencebudget_laborcost_primacontractutilization_junc],[consumption_clinopsfinance].[employeecontractutilization],[consumption_clinopsfinance].[vfull_departmental_map_activeprima],[dbo].[dimdate],[dbo].[udfdatetobomdate],[dbo].[udfdatetodatekey]	[consumption_clinopsfinance].[employeecontractutilization_post]	[dbo].[logmessage]	9
customer	CONSUMPTION_CLINOPSFINANCE.spLoadFactLaborCostForEarnedValue_Aggregations	[consumption_clinopsfinance].[billableefficiency_productivity_rankdetailaggregation],[consumption_clinopsfinance].[cadencebudget_laborcost_primacontractutilization_junc],[consumption_clinopsfinance].[cadencebudgetdata_billableefficiency],[consumption_clinopsfinance].[cadencebudgetdata_billableefficiency_rankdetail],[consumption_clinopsfinance].[dateranges_pm],[consumption_clinopsfinance].[factlaborcostforearnedvalue_post],[consumption_clinopsfinance].[factlaborcostforearnedvalue_rankaggregation],[consumption_clinopsfinance].[factlaborcostforearnedvalue_rankdetaillaggregation]	[consumption_clinopsfinance].[billableefficiency_productivity_aggregation],[consumption_clinopsfinance].[billableefficiency_productivity_rankdetailaggregation],[consumption_clinopsfinance].[billableefficiency_productivity_rankglobalaggregation],[consumption_clinopsfinance].[factlaborcostforearnedvalue_rankaggregation],[consumption_clinopsfinance].[factlaborcostforearnedvalue_rankdetaillaggregation]	[dbo].[logmessage],[dbo].[splastrowcount]	6
customer	CONSUMPTION_CLINOPSFINANCE.spLoadFactLaborCostForEarnedValue_Post	[consumption_clinopsfinance].[cadencebudget_laborcost_primacontractutilization_junc],[consumption_clinopsfinance].[daterangemonthclose_config],[consumption_powerbi].[factlaborcostforearnedvalue],[dbo].[dimdate],[dbo].[udfdatetodatekey]	[consumption_clinopsfinance].[factlaborcostforearnedvalue_post]	[dbo].[logmessage]	8
customer	CONSUMPTION_CLINOPSFINANCE.spLoadHrContractAttendance	[consumption_prima].[globalcountries],[consumption_prima].[globalholidays],[consumption_prima].[hremployees],[consumption_prima].[hrleavetracker],[consumption_prima].[hrmaternity],[consumption_prima].[siteevents],[consumption_prima].[sites],[consumption_primareporting].[hremployeecontracthistory],[consumption_primareporting].[projects],[dbo].[dimdate],[dbo].[udfdatetobomdate],[dbo].[udfdatetodatekey]	[consumption_clinopsfinance].[hrcontractattendance]	[dbo].[logmessage]	8
customer	CONSUMPTION_CLINOPSFINANCE.spLoadProductivityMetrics_Aggregations	-	-	[consumption_clinopsfinance].[sploadcadencebudget_aggregations],[consumption_clinopsfinance].[sploademployeecontractutilization_aggregations],[consumption_clinopsfinance].[sploadfactlaborcostforearnedvalue_aggregations],[dbo].[logmessage]	5
customer	CONSUMPTION_CLINOPSFINANCE.spLoadProductivityMetrics_Post	-	-	[consumption_clinopsfinance].[sploadcadencebudget_laborcost_primacontractutilization_junc],[consumption_clinopsfinance].[sploadcadencebudgetdata_post],[consumption_clinopsfinance].[sploaddaterange],[consumption_clinopsfinance].[sploademployeecontractutilization],[consumption_clinopsfinance].[sploademployeecontractutilization_post],[consumption_clinopsfinance].[sploadfactlaborcostforearnedvalue_post],[consumption_clinopsfinance].[sploadhrcontractattendance],[dbo].[logmessage]	9
customer	CONSUMPTION_CLINOPSFINANCE.spRunLoadProductivityMetrics	-	-	[consumption_clinopsfinance].[sploadproductivitymetrics_aggregations],[consumption_clinopsfinance].[sploadproductivitymetrics_post],[dbo].[logmessage]	3
customer	CONSUMPTION_COUNTRY_SELECTION_TOOL.spLoadSelectionCriteria	[consumption_country_selection_tool].[selection_criteria],[staging_clinicaltrials_gov].[conditions],[staging_clinicaltrials_gov].[eligibilities],[staging_clinicaltrials_gov].[facilities],[staging_clinicaltrials_gov].[studies]	[consumption_country_selection_tool].[selection_criteria]	[staging_edc_medidata].[logmessage]	3
customer	CONSUMPTION_DG.SPLoadCTMSDQ	-	-	[consumption_dg].[sploadctmsdqhistory],[dbo].[logmessage]	2
customer	CONSUMPTION_DG.spLoadCTMSDQHistory	[consumption_dg].[ctmsdqhistory],[consumption_dg].[vw_ctmsdqtrendrollup]	[consumption_dg].[ctmsdqhistory]	[dbo].[logmessage],[dbo].[splastrowcount]	5
customer	CONSUMPTION_EDC.spUpdate_Column_Mappings	[information_schema].[columns],[information_schema].[tables]	-	-	0
customer	CONSUMPTION_ENTERPRISEMETRICS.spLoadDataFilters_JobPositions	[consumption_enterprisemetrics].[datafilters_jobpositions],[staging_enterprisemetrics].[datafilters_jobpositions]	[consumption_enterprisemetrics].[datafilters_jobpositions]	[dbo].[logmessage]	5
customer	CONSUMPTION_ENTERPRISEMETRICS.spLoadDWH	-	-	[consumption_enterprisemetrics].[sploaddatafilters_jobpositions],[consumption_enterprisemetrics].[sploadfactcountryenterprisemetrics_current],[consumption_enterprisemetrics].[sploadfactenterprisemetrics_current],[transformation_enterprisemetrics].[sploadcosts],[transformation_enterprisemetrics].[sploadearnedvalue],[transformation_enterprisemetrics].[sploadearnedvalue_calc],[transformation_enterprisemetrics].[sploadearnedvalue_noncadence],[transformation_enterprisemetrics].[sploadglcognos_base],[transformation_enterprisemetrics].[sploadheadcount],[transformation_enterprisemetrics].[sploadinvoice],[transformation_enterprisemetrics].[sploadlookup_common],[transformation_enterprisemetrics].[sploadlookup_invoice]	12
customer	CONSUMPTION_ENTERPRISEMETRICS.spLoadFactCountryEnterpriseMetrics_Current	[consumption_enterprisemetrics].[factcountryenterprisemetrics_current],[consumption_enterprisemetrics].[vw_dimcountry],[consumption_enterprisemetrics].[vw_dimdate],[transformation_enterprisemetrics].[costs],[transformation_enterprisemetrics].[vw_revenue]	[consumption_enterprisemetrics].[factcountryenterprisemetrics_current]	[dbo].[logmessage]	8
customer	CONSUMPTION_ENTERPRISEMETRICS.spLoadFactEnterpriseMetrics_Current	[consumption_enterprisemetrics].[factenterprisemetrics_current],[consumption_enterprisemetrics].[vw_dimcountry],[consumption_enterprisemetrics].[vw_dimdepartment],[transformation_enterprisemetrics].[earnedvalue_calc],[transformation_enterprisemetrics].[headcount],[transformation_enterprisemetrics].[vw_glcognos_department]	[consumption_enterprisemetrics].[factenterprisemetrics_current]	[dbo].[logmessage]	9
customer	CONSUMPTION_ENTERPRISEMETRICSSNAPSHOT.spCreateSnapshot	[consumption_enterprisemetricssnapshot].[historicalsnapshot],[information_schema].[columns],[sys].[dm_pdw_exec_requests],[sys].[dm_pdw_request_steps]	-	[dbo].[logmessage]	3
customer	CONSUMPTION_ENTERPRISEMETRICSSNAPSHOT.spCreateSnapshotAll	[consumption_enterprisemetricssnapshot].[historicalsnapshot]	-	[admin].[sp_sethistoricalsnapshotruntrigger],[consumption_enterprisemetricssnapshot].[spcreatesnapshot],[dbo].[logmessage]	4
customer	CONSUMPTION_FINANCE.spLoadArAnalyticsDetailMetrics	[consumption_finance].[aranalyticsdetailmetrics],[consumption_finance].[aranalyticsmetrics],[consumption_finance].[fact_sap_sales_summary],[consumption_finance].[sap_sales_details_metrics],[dbo].[dimdate]	[consumption_finance].[aranalyticsdetailmetrics]	[dbo].[logmessage],[dbo].[splastrowcount]	9
customer	CONSUMPTION_FINANCE.spLoadArAnalyticsMetrics	[consumption_finance].[datafilters],[consumption_finance].[dimcustomers],[consumption_finance].[dimcustomersprojects],[consumption_finance].[dimprojects],[consumption_finance].[fact_sap_sales_details],[consumption_finance].[fact_sap_sales_summary],[consumption_finance].[quarterranges],[dbo].[dimdate]	[consumption_finance].[aranalyticsmetrics]	[dbo].[logmessage]	11
customer	CONSUMPTION_FINANCE.spLoadArAnalyticsMetricsETL	-	-	[consumption_finance].[sploadaranalyticsdetailmetrics],[consumption_finance].[sploadaranalyticsmetrics],[consumption_finance].[sploadaranalyticsmetricsquarterlyglobal],[consumption_finance].[sploaddimcustomers],[consumption_finance].[sploaddimcustomersprojects],[consumption_finance].[sploaddimprojects],[consumption_finance].[sploadfact_sap_sales_details],[consumption_finance].[sploadfact_sap_sales_summary],[consumption_finance].[sploadfactsapsalesinterestsummary],[consumption_finance].[sploadfactsapsalesretainerdetails],[consumption_finance].[sploadfactsapsalessponsorriskinterestquarterly],[consumption_finance].[sploadfactsapsalessponsorriskretainerquarterly],[consumption_finance].[sploadfactsapsalessponsorrisksnapshot],[consumption_finance].[sploadquarterranges],[consumption_finance].[sploadsapsalesdetails],[consumption_finance].[sploadsapsalesdetailsmetrics],[consumption_finance].[sploadsapsalesinterestsummarymetrics],[consumption_finance].[sploadsapsalesretainerdetailsmetrics],[consumption_finance].[sploadsapsalessummary],[consumption_finance].[sploadsapsalessummarymetrics]	20
customer	CONSUMPTION_FINANCE.spLoadArAnalyticsMetricsQuarterlyGlobal	[consumption_finance].[aranalyticsmetricsquarterlyglobal],[consumption_finance].[cognos_powerbifacts],[consumption_finance].[datafilters],[consumption_finance].[fact_sap_sales_details],[consumption_finance].[fact_sap_sales_summary],[consumption_finance].[quarterranges],[consumption_finance].[sap_sales_details_metrics],[dbo].[dimdate],[dbo].[udfdivide]	[consumption_finance].[aranalyticsmetricsquarterlyglobal]	[dbo].[logmessage],[dbo].[splastrowcount]	12
customer	CONSUMPTION_FINANCE.spLoadDimAccount	[consumption_finance].[dimaccount],[staging_finance_cognos].[t_account_filter]	[consumption_finance].[dimaccount]	[dbo].[logmessage],[dbo].[splastrowcount]	3
customer	CONSUMPTION_FINANCE.spLoadDimAccountDetailsCognos	[consumption_finance].[dimaccountdetailscognos],[staging_finance_file].[cognos_template_subaccounts],[staging_finance_file].[cognos_template_subaccounts_raw]	[consumption_finance].[dimaccountdetailscognos],[staging_finance_file].[cognos_template_subaccounts]	[dbo].[logmessage],[dbo].[splastrowcount]	7
customer	CONSUMPTION_FINANCE.spLoadDimAccountDetailsSAP	[consumption_finance].[dimaccountdetailssap],[staging_finance_file].[sap_template_incomestatement],[staging_finance_file].[sap_template_incomestatement_raw]	[consumption_finance].[dimaccountdetailssap],[staging_finance_file].[sap_template_incomestatement]	[dbo].[logmessage],[dbo].[splastrowcount]	5
customer	CONSUMPTION_FINANCE.spLoadDimActuality	[consumption_finance].[dimactuality],[staging_finance_cognos].[t_actuality_filter]	[consumption_finance].[dimactuality]	[dbo].[logmessage],[dbo].[splastrowcount]	3
customer	CONSUMPTION_FINANCE.spLoadDimCompany	[consumption_finance].[dimcompany],[consumption_finance].[dimcountry],[staging_finance_cognos].[t_company_filter]	[consumption_finance].[dimcompany]	[dbo].[logmessage],[dbo].[splastrowcount]	6
customer	CONSUMPTION_FINANCE.spLoadDimConsType	[consumption_finance].[dimconstype],[staging_finance_cognos].[t_constype_filter]	[consumption_finance].[dimconstype]	[dbo].[logmessage],[dbo].[splastrowcount]	3
customer	CONSUMPTION_FINANCE.spLoadDimCurrency	[consumption_finance].[dimcurrency],[staging_finance_cognos].[t_currency_filter]	[consumption_finance].[dimcurrency]	[dbo].[logmessage],[dbo].[splastrowcount]	5
customer	CONSUMPTION_FINANCE.spLoadDimCustomers	[consumption_finance].[sap_sales_details_metrics],[consumption_finance].[sap_sales_summary_metrics]	[consumption_finance].[dimcustomers]	[dbo].[logmessage]	5
customer	CONSUMPTION_FINANCE.spLoadDimCustomersProjects	[consumption_finance].[dimcustomers],[consumption_finance].[dimprojects],[consumption_finance].[sap_sales_summary_metrics]	[consumption_finance].[dimcustomersprojects]	[dbo].[logmessage]	6
customer	CONSUMPTION_FINANCE.spLoadDimDepartment	[consumption_finance].[dimdepartment],[staging_finance_file].[departments],[staging_finance_file].[departments_raw]	[consumption_finance].[dimdepartment],[staging_finance_file].[departments]	[dbo].[logmessage],[dbo].[splastrowcount]	7
customer	CONSUMPTION_FINANCE.spLoadDimPosition	[consumption_finance].[dimposition],[staging_finance_file].[positions],[staging_finance_file].[positions_raw]	[consumption_finance].[dimposition],[staging_finance_file].[positions]	[dbo].[logmessage],[dbo].[splastrowcount]	7
customer	CONSUMPTION_FINANCE.spLoadDimProjects	[consumption_finance].[sap_sales_summary_metrics]	[consumption_finance].[dimprojects]	[dbo].[logmessage]	4
customer	CONSUMPTION_FINANCE.spLoadDimTables	-	-	[consumption_finance].[sploaddimaccount],[consumption_finance].[sploaddimaccountdetailscognos],[consumption_finance].[sploaddimaccountdetailssap],[consumption_finance].[sploaddimactuality],[consumption_finance].[sploaddimcompany],[consumption_finance].[sploaddimcompanykoncern],[consumption_finance].[sploaddimconstype],[consumption_finance].[sploaddimcurrency],[consumption_finance].[sploaddimdepartment],[consumption_finance].[sploaddimposition]	9
customer	CONSUMPTION_FINANCE.spLoadFact_SAP_Sales_Details	[consumption_finance].[dimcustomers],[consumption_finance].[dimcustomersprojects],[consumption_finance].[dimprojects],[consumption_finance].[sap_sales_details_metrics],[dbo].[dimdate]	[consumption_finance].[fact_sap_sales_details]	[dbo].[logmessage]	8
customer	CONSUMPTION_FINANCE.spLoadFact_SAP_Sales_Summary	[consumption_finance].[dimcustomers],[consumption_finance].[dimcustomersprojects],[consumption_finance].[dimprojects],[consumption_finance].[sap_sales_summary_metrics],[dbo].[dimdate]	[consumption_finance].[fact_sap_sales_summary]	[dbo].[logmessage]	8
customer	CONSUMPTION_FINANCE.spLoadFactAgingSAP	[consumption_finance].[dimcompany],[consumption_finance].[dimdatefinance],[consumption_finance].[factagingsap],[staging_finance_sap].[zfiv_dwh_aging]	[consumption_finance].[factagingsap]	[dbo].[logmessage],[dbo].[splastrowcount]	6
customer	CONSUMPTION_FINANCE.spLoadFactGLCOGNOS	[consumption_finance].[dimaccount],[consumption_finance].[dimaccountdetailscognos],[consumption_finance].[dimactuality],[consumption_finance].[dimcompany],[consumption_finance].[dimconstype],[consumption_finance].[dimcurrency],[consumption_finance].[dimdepartment],[consumption_finance].[dimmonthfinance],[consumption_finance].[dimposition],[consumption_finance].[factglcognos],[consumption_finance].[glcognosdata]	[consumption_finance].[factglcognos]	[dbo].[logmessage],[dbo].[splastrowcount]	11
customer	CONSUMPTION_FINANCE.spLoadFactGLSAP	[consumption_finance].[dimaccountdetailssap],[consumption_finance].[dimcompany],[consumption_finance].[dimcurrency],[consumption_finance].[dimdepartment],[consumption_finance].[dimmonthfinance],[consumption_finance].[factglsap],[consumption_finance].[sap_powerbi_fact]	[consumption_finance].[factglsap]	[dbo].[logmessage],[dbo].[splastrowcount]	8
customer	CONSUMPTION_FINANCE.spLoadFactLaborCostForEarnedValue	[consumption_finance].[factlaborcostforearnedvalue],[consumption_finance].[vfactlaborcost],[consumption_prima].[hrdepartments],[consumption_prima].[hrdepartmenttofinancesalsysmap]	[consumption_finance].[factlaborcostforearnedvalue]	[dbo].[logmessage],[dbo].[splastrowcount]	3
customer	CONSUMPTION_FINANCE.spLoadFactSAPSalesInterestSummary	[consumption_finance].[dimcustomers],[consumption_finance].[sap_sales_interest_summary_metrics],[dbo].[dimdate]	[consumption_finance].[factsapsalesinterestsummary]	[dbo].[logmessage]	6
customer	CONSUMPTION_FINANCE.spLoadFactSAPSalesRetainerDetails	[consumption_finance].[dimcustomers],[consumption_finance].[dimcustomersprojects],[consumption_finance].[dimprojects],[consumption_finance].[factsapsalesretainerdetails],[consumption_finance].[sap_sales_retainer_details_metrics],[dbo].[dimdate]	[consumption_finance].[factsapsalesretainerdetails]	[dbo].[logmessage],[dbo].[splastrowcount]	10
customer	CONSUMPTION_FINANCE.spLoadFactSAPSalesSponsorRiskInterestQuarterly	[consumption_finance].[factsapsalesinterestsummary],[consumption_finance].[quarterranges],[dbo].[dimdate]	[consumption_finance].[factsapsalessponsorriskinterestquarterly]	[dbo].[logmessage]	6
customer	CONSUMPTION_FINANCE.spLoadFactSAPSalesSponsorRiskRetainerQuarterly	[consumption_finance].[factsapsalesretainerdetails],[consumption_finance].[factsapsalessponsorriskretainerquarterly],[consumption_finance].[quarterranges],[dbo].[dimdate]	[consumption_finance].[factsapsalessponsorriskretainerquarterly]	[dbo].[logmessage],[dbo].[splastrowcount]	8
customer	CONSUMPTION_FINANCE.spLoadFactSAPSalesSponsorRiskSnapshot	[consumption_finance].[datafilters],[consumption_finance].[dimcustomersprojects],[consumption_finance].[fact_sap_sales_details],[consumption_finance].[factsapsalessponsorrisksnapshot],[consumption_finance].[sap_sales_details_metrics],[dbo].[dimdate]	[consumption_finance].[factsapsalessponsorrisksnapshot]	[dbo].[logmessage],[dbo].[splastrowcount]	10
customer	CONSUMPTION_FINANCE.spLoadFactTables	-	-	[consumption_finance].[sploadfactagingsap],[consumption_finance].[sploadfactglcognos],[consumption_finance].[sploadfactglsap],[consumption_finance].[sploadglcognosdata],[consumption_powerbi].[sploadfactaggregatedlaborcost],[consumption_powerbi].[sploadfactlaborcostforearnedvalue_1],[consumption_powerbi].[sploadfactlaborcostforearnedvalue_2]	7
customer	CONSUMPTION_FINANCE.spLoadGLCognosData	[consumption_finance].[glcognosdata],[staging_finance_cognos].[glcognosdata_hc100500],[staging_finance_cognos].[v_ccr2powerbi_facts]	[consumption_finance].[glcognosdata],[staging_finance_cognos].[glcognosdata_hc100500]	[dbo].[logmessage],[dbo].[splastrowcount]	7
customer	CONSUMPTION_FINANCE.spLoadQuarterRanges	[consumption_finance].[fact_sap_sales_summary],[dbo].[dimdate]	[consumption_finance].[quarterranges]	[dbo].[logmessage]	5
customer	CONSUMPTION_FINANCE.spLoadSAPSalesDetails	[consumption_finance].[sap_sales_details],[staging_finance_sap].[sap_sales_details]	[consumption_finance].[sap_sales_details]	[dbo].[logmessage],[dbo].[splastrowcount]	5
customer	CONSUMPTION_FINANCE.spLoadSAPSalesDetailsHistory	[consumption_finance].[sap_sales_details_history],[staging_finance_file].[sap_sales_details_history]	[consumption_finance].[sap_sales_details_history]	[dbo].[logmessage],[dbo].[splastrowcount]	4
customer	CONSUMPTION_FINANCE.spLoadSAPSalesDetailsMetrics	[consumption_finance].[sap_sales_details],[consumption_finance].[sap_sales_details_history],[consumption_finance].[sap_sales_details_metrics],[consumption_finance].[sap_sales_summary_metrics],[consumption_finance].[sap_tcurr]	[consumption_finance].[sap_sales_details_metrics]	[dbo].[logmessage],[dbo].[splastrowcount]	8
customer	CONSUMPTION_FINANCE.spLoadSAPSalesInterestSummaryMetrics	[consumption_finance].[sap_sales_interest_summary_metrics],[consumption_finance].[sap_sales_summary],[consumption_finance].[sap_sales_summary_metrics],[consumption_finance].[udfgetdatafiltercolumnvalue]	[consumption_finance].[sap_sales_interest_summary_metrics]	[dbo].[logmessage],[dbo].[splastrowcount]	8
customer	CONSUMPTION_FINANCE.spLoadSAPSalesRetainerDetailsMetrics	[consumption_finance].[datafilters],[consumption_finance].[sap_sales_details_metrics],[consumption_finance].[sap_sales_retainer_details_metrics]	[consumption_finance].[sap_sales_retainer_details_metrics]	[dbo].[logmessage],[dbo].[splastrowcount]	7
customer	CONSUMPTION_FINANCE.spLoadSAPSalesSummary	[consumption_finance].[sap_sales_summary],[staging_finance_sap].[sap_sales_summary]	[consumption_finance].[sap_sales_summary]	[dbo].[logmessage],[dbo].[splastrowcount]	5
customer	CONSUMPTION_FINANCE.spLoadSAPSalesSummaryHistory	[consumption_finance].[sap_sales_summary_history],[staging_finance_file].[sap_sales_summary_history]	[consumption_finance].[sap_sales_summary_history]	[dbo].[logmessage],[dbo].[splastrowcount]	4
customer	CONSUMPTION_FINANCE.spLoadSAPSalesSummaryMetrics	[consumption_finance].[sap_sales_summary],[consumption_finance].[sap_sales_summary_history],[consumption_finance].[sap_sales_summary_metrics],[consumption_finance].[sap_tcurr],[consumption_finance].[udfgetdatafiltercolumnvalue]	[consumption_finance].[sap_sales_summary_metrics]	[dbo].[logmessage],[dbo].[splastrowcount]	8
customer	CONSUMPTION_FINANCEHUB.spFactCadenceBudgetData_Aggregation	[consumption_financehub].[factcadencebudgetdata_aggregation],[consumption_financehub].[factcadencebudgetdata_post],[dbo].[udfdatekeytodate]	[consumption_financehub].[factcadencebudgetdata_aggregation]	[dbo].[logmessage]	5
customer	CONSUMPTION_FINANCEHUB.spFactEmployeeContractUtilizationMonthly	[consumption_financehub].[factemployeecontractutilizationmonthly],[consumption_financehub].[vlkpdepartment],[consumption_primahub].[employeecontractutilizationmonthly]	[consumption_financehub].[factemployeecontractutilizationmonthly]	[dbo].[logmessage]	5
customer	CONSUMPTION_FINANCEHUB.spFactGLCognos	[consumption_financehub].[factglcognos],[consumption_financehub].[vdimaccount],[consumption_financehub].[vdimactuality],[consumption_financehub].[vdimcompany],[consumption_financehub].[vdimconstype],[consumption_financehub].[vdimcountry],[consumption_financehub].[vdimdepartment],[consumption_financehub].[vdimposition],[transformation_financehub].[dimaccountdetailscognos_hist],[transformation_financehub].[glcognos]	[consumption_financehub].[factglcognos]	[dbo].[logmessage]	13
customer	CONSUMPTION_FINANCEHUB.spFactLaborCostForEarnedValue	[consumption_financehub].[factglcognos],[consumption_financehub].[factlaborcostforearnedvalue],[consumption_financehub].[vdatafilters],[consumption_prima].[monthlyaveragecurrencyexchangerate]	[consumption_financehub].[factlaborcostforearnedvalue]	[dbo].[logmessage]	7
customer	CONSUMPTION_FINANCEHUB.spFactLaborCostForEarnedValue_Aggregation	[consumption_financehub].[factlaborcostforearnedvalue_aggregation],[consumption_financehub].[factlaborcostforearnedvalue_post],[dbo].[udfdatekeytodate]	[consumption_financehub].[factlaborcostforearnedvalue_aggregation]	[dbo].[logmessage]	6
customer	CONSUMPTION_FINANCEHUB.spFactLaborCostForEarnedValue_Post	[consumption_financehub].[factlaborcostforearnedvalue],[consumption_financehub].[factlaborcostforearnedvalue_post],[dbo].[udfdatetodatekey],[transformation_financehub].[vgetforecastingcopydates]	[consumption_financehub].[factlaborcostforearnedvalue_post]	[dbo].[logmessage]	7
customer	CONSUMPTION_FINANCEHUB.spLoadFinanceHub	-	-	[consumption_financehub].[spfactemployeecontractutilizationmonthly],[consumption_financehub].[spfactglcognos],[consumption_financehub].[spfactlaborcostforearnedvalue],[consumption_financehub].[spfactlaborcostforearnedvalue_aggregation],[consumption_financehub].[spfactlaborcostforearnedvalue_post],[transformation_financehub].[spdatafilters_hist],[transformation_financehub].[spdimaccount_hist],[transformation_financehub].[spdimaccountdetailscognos_hist],[transformation_financehub].[spdimactuality_hist],[transformation_financehub].[spdimcompany_hist],[transformation_financehub].[spdimconstype_hist],[transformation_financehub].[spdimcountry_hist],[transformation_financehub].[spdimdepartment_hist],[transformation_financehub].[spdimposition_hist],[transformation_financehub].[spdimprojectsnottracked_hist],[transformation_financehub].[spglcognos],[transformation_financehub].[splkpcountry_hist],[transformation_financehub].[splkpdepartment_hist],[transformation_financehub].[sploadpredq_checks]	19
customer	CONSUMPTION_MPS.spLoadConsumption_MPS	-	-	[consumption_mps].[sploaddimcountry],[consumption_mps].[sploaddimdate],[consumption_mps].[sploaddimlinemanager],[consumption_mps].[sploaddimmetriccategory],[consumption_mps].[sploaddimmonitor],[consumption_mps].[sploaddimmonitorstatus],[consumption_mps].[sploaddimposition],[consumption_mps].[sploaddimproject],[consumption_mps].[sploaddimsite],[consumption_mps].[sploadfactactionitems],[consumption_mps].[sploadfactmonitorperformancemonthly],[consumption_mps].[sploadfactmonitorsiteassignedmonthly],[consumption_mps].[sploadfactmonitortimesheetdetails],[consumption_mps].[sploadfactmonitortimesheetmonthly],[consumption_mps].[sploadfactmvrstatistics],[consumption_mps].[sploadfactprojects],[consumption_mps].[sploadfactprojecttrainings],[consumption_mps].[sploadfactsiteissues],[consumption_mps].[sploadfactsiteraecsubmissions],[consumption_mps].[sploadfactsitevisits],[consumption_mps].[sploadfacttimesheetentry],[consumption_mps].[sploadmonitormonthlytimesheetfilter],[dbo].[logmessage]	23
customer	CONSUMPTION_MPS.spLoadDimCountry	[consumption_mps].[dimcountry],[consumption_prima].[globalcountries]	[consumption_mps].[dimcountry]	[dbo].[logmessage],[dbo].[splastrowcount]	5
customer	CONSUMPTION_MPS.spLoadDimDate	[consumption_mps].[dimdate],[consumption_mps].[udfgetdatafiltercolumnvalue],[dbo].[dimdate]	[consumption_mps].[dimdate]	[dbo].[logmessage],[dbo].[splastrowcount]	7
customer	CONSUMPTION_MPS.spLoadDimLineManager	[consumption_mps].[dimlinemanager],[consumption_mps].[dimmonitor],[consumption_prima].[hremployees]	[consumption_mps].[dimlinemanager]	[dbo].[logmessage],[dbo].[splastrowcount]	7
customer	CONSUMPTION_MPS.spLoadDimMetricCategory	[consumption_mps].[dimmetriccategory]	[consumption_mps].[dimmetriccategory]	[dbo].[logmessage],[dbo].[splastrowcount]	5
customer	CONSUMPTION_MPS.spLoadDimMonitor	[consumption_mps].[dimdate],[consumption_mps].[dimmonitor],[consumption_mps].[udfgetdatafiltercolumnvalue],[consumption_prima].[hremployees],[consumption_prima].[hrsupervisoremployees],[consumption_prima].[pfmjobs],[consumption_prima].[pfmtsmaster],[consumption_prima].[pfmtstracker]	[consumption_mps].[dimmonitor]	[dbo].[logmessage],[dbo].[splastrowcount]	8
customer	CONSUMPTION_MPS.spLoadDimMonitorStatus	[consumption_mps].[dimmonitor],[consumption_mps].[dimmonitorstatus]	[consumption_mps].[dimmonitorstatus]	[dbo].[logmessage],[dbo].[splastrowcount]	6
customer	CONSUMPTION_MPS.spLoadDimPosition	[consumption_mps].[dimmonitor],[consumption_mps].[dimposition]	[consumption_mps].[dimposition]	[dbo].[logmessage],[dbo].[splastrowcount]	6
customer	CONSUMPTION_MPS.spLoadDimProject	[consumption_mps].[dimproject],[consumption_prima].[projects],[dbo].[udfdivide]	[consumption_mps].[dimproject]	[dbo].[logmessage],[dbo].[splastrowcount]	6
customer	CONSUMPTION_MPS.spLoadDimSite	[consumption_mps].[dimsite],[consumption_prima].[sites]	[consumption_mps].[dimsite]	[dbo].[logmessage],[dbo].[splastrowcount]	5
customer	CONSUMPTION_MPS.spLoadFactActionItems	[consumption_mps].[dimdate],[consumption_mps].[factactionitems]	-	[consumption_mps].[sploadfactactionitemspointsattribution],[consumption_mps].[sploadfactactionitemsstaging],[dbo].[logmessage]	6
customer	CONSUMPTION_MPS.spLoadFactActionItemsPointsAttribution	[consumption_mps].[actionitemsstaging],[consumption_mps].[dimpointsystem],[consumption_mps].[factactionitems],[consumption_mps].[tsactionitems_final]	[consumption_mps].[factactionitems]	[dbo].[logmessage]	6
customer	CONSUMPTION_MPS.spLoadFactActionItemsStaging	[consumption_mps].[actionitemsstaging],[consumption_mps].[dimcountry],[consumption_mps].[dimdate],[consumption_mps].[dimmonitor],[consumption_mps].[dimproject],[consumption_mps].[dimsite],[consumption_prima].[globalactionitems],[consumption_prima].[globalhistoryrecords]	[consumption_mps].[actionitemsstaging]	[dbo].[logmessage],[dbo].[splastrowcount]	10
customer	CONSUMPTION_MPS.spLoadFactMonitorPerformanceActionItems	[consumption_mps].[factactionitems],[consumption_mps].[factmonitorperformancemonthly],[dbo].[udfdatetobomdate],[dbo].[udfdatetobomdatekey]	[consumption_mps].[factmonitorperformancemonthly]	[dbo].[logmessage],[dbo].[splastrowcount]	8
customer	CONSUMPTION_MPS.spLoadFactMonitorPerformanceFactSiteIssues	[consumption_mps].[factmonitorperformancemonthly],[consumption_mps].[factsiteissues],[dbo].[udfdatetobomdate],[dbo].[udfdatetobomdatekey]	[consumption_mps].[factmonitorperformancemonthly]	[dbo].[logmessage],[dbo].[splastrowcount]	8
customer	CONSUMPTION_MPS.spLoadFactMonitorPerformanceMonthly	[consumption_mps].[factmonitorperformancemonthly]	-	[consumption_mps].[sploadfactmonitorperformanceactionitems],[consumption_mps].[sploadfactmonitorperformancefactsiteissues],[consumption_mps].[sploadfactmonitorperformancemvrstatistics],[consumption_mps].[sploadfactmonitorperformanceprojects],[consumption_mps].[sploadfactmonitorperformanceprojecttrainings],[consumption_mps].[sploadfactmonitorperformancesiteassignedmonthly],[consumption_mps].[sploadfactmonitorperformancesiteraecsubmissions],[consumption_mps].[sploadfactmonitorperformancesitevisits],[consumption_mps].[sploadfactmonitorperformancetimesheetentry],[dbo].[logmessage]	12
customer	CONSUMPTION_MPS.spLoadFactMonitorPerformanceMVRStatistics	[consumption_mps].[factmonitorperformancemonthly],[consumption_mps].[factmvrstatistics],[dbo].[udfdatetobomdate],[dbo].[udfdatetobomdatekey]	[consumption_mps].[factmonitorperformancemonthly]	[dbo].[logmessage],[dbo].[splastrowcount]	8
customer	CONSUMPTION_MPS.spLoadFactMonitorPerformanceProjects	[consumption_mps].[factmonitorperformancemonthly],[consumption_mps].[factprojects],[dbo].[udfdatetobomdate],[dbo].[udfdatetobomdatekey]	[consumption_mps].[factmonitorperformancemonthly]	[dbo].[logmessage],[dbo].[splastrowcount]	8
customer	CONSUMPTION_MPS.spLoadFactMonitorPerformanceProjectTrainings	[consumption_mps].[factmonitorperformancemonthly],[consumption_mps].[factprojecttrainings],[dbo].[udfdatetobomdate],[dbo].[udfdatetobomdatekey]	[consumption_mps].[factmonitorperformancemonthly]	[dbo].[logmessage],[dbo].[splastrowcount]	8
customer	CONSUMPTION_MPS.spLoadFactMonitorPerformanceSiteAssignedMonthly	[consumption_mps].[factmonitorperformancemonthly],[consumption_mps].[factmonitorsiteassignedmonthly],[dbo].[udfdatetobomdate],[dbo].[udfdatetobomdatekey]	[consumption_mps].[factmonitorperformancemonthly]	[dbo].[logmessage],[dbo].[splastrowcount]	8
customer	CONSUMPTION_MPS.spLoadFactMonitorPerformanceSiteRaEcSubmissions	[consumption_mps].[factmonitorperformancemonthly],[consumption_mps].[factsiteraecsubmissions],[dbo].[udfdatetobomdate],[dbo].[udfdatetobomdatekey]	[consumption_mps].[factmonitorperformancemonthly]	[dbo].[logmessage],[dbo].[splastrowcount]	8
customer	CONSUMPTION_MPS.spLoadFactMonitorPerformanceSiteVisits	[consumption_mps].[factmonitorperformancemonthly],[consumption_mps].[factsitevisits],[dbo].[udfdatetobomdate],[dbo].[udfdatetobomdatekey]	[consumption_mps].[factmonitorperformancemonthly]	[dbo].[logmessage],[dbo].[splastrowcount]	8
customer	CONSUMPTION_MPS.spLoadFactMonitorPerformanceTimesheetEntry	[consumption_mps].[factmonitorperformancemonthly],[consumption_mps].[facttimesheetentry],[dbo].[udfdatetobomdate],[dbo].[udfdatetobomdatekey]	[consumption_mps].[factmonitorperformancemonthly]	[dbo].[logmessage],[dbo].[splastrowcount]	8
customer	CONSUMPTION_MPS.spLoadFactMonitorSiteAssignedMonthly	[consumption_mps].[dimdate],[consumption_mps].[factmonitorsiteassignedmonthly]	-	[consumption_mps].[sploadmonitorsiteassignedmonthlystaging],[consumption_mps].[sploadsiteassignedpointsattribution],[dbo].[logmessage]	6
customer	CONSUMPTION_MPS.spLoadFactMonitorTimeSheetDetails	[consumption_mps].[dimcountry],[consumption_mps].[dimdate],[consumption_mps].[dimmonitor],[consumption_mps].[dimproject],[consumption_mps].[factmonitortimesheetdetails],[consumption_mps].[udfgetdatafiltercolumnvalue],[consumption_prima].[hremployeehistory],[consumption_prima].[pfmjobs],[consumption_prima].[pfmtsmaster],[consumption_prima].[pfmtstasks],[consumption_prima].[pfmtstracker]	[consumption_mps].[factmonitortimesheetdetails]	[dbo].[logmessage],[dbo].[splastrowcount]	11
customer	CONSUMPTION_MPS.spLoadFactMonitorTimeSheetMonthly	[consumption_mps].[dimdate],[consumption_mps].[factmonitortimesheetdetails],[consumption_mps].[factmonitortimesheetmonthly]	[consumption_mps].[factmonitortimesheetmonthly]	[dbo].[logmessage],[dbo].[splastrowcount]	7
customer	CONSUMPTION_MPS.spLoadFactMvrStatistics	[consumption_mps].[dimdate],[consumption_mps].[factmvrstatistics]	-	[consumption_mps].[sploadfactmvrstatisticspointsattribution],[consumption_mps].[sploadfactmvrstatisticsstaging],[dbo].[logmessage]	6
customer	CONSUMPTION_MPS.spLoadFactMvrStatisticsPointsAttribution	[consumption_mps].[datafilters],[consumption_mps].[dimdate],[consumption_mps].[dimpointsystem],[consumption_mps].[factmvrstatistics],[consumption_mps].[mvrstatistics_draft],[consumption_mps].[mvrstatistics_final],[consumption_mps].[mvrstatistics_followupletter],[consumption_mps].[mvrstatistics_previsitletter],[consumption_mps].[mvrstatistics_reportquality],[consumption_mps].[mvrstatistics_ssvfinal],[consumption_mps].[mvrstatisticsstaging]	[consumption_mps].[factmvrstatistics]	[dbo].[logmessage]	8
customer	CONSUMPTION_MPS.spLoadFactMvrStatisticsStaging	[consumption_mps].[datafilters],[consumption_mps].[dimcountry],[consumption_mps].[dimdate],[consumption_mps].[dimmonitor],[consumption_mps].[dimproject],[consumption_mps].[dimsite],[consumption_mps].[mvrstatisticsstaging],[consumption_prima].[ctmmvrmaster],[consumption_prima].[hremployees],[consumption_prima].[siteevents],[consumption_primareporting].[siteevents]	[consumption_mps].[mvrstatisticsstaging]	[dbo].[logmessage],[dbo].[splastrowcount]	13
customer	CONSUMPTION_MPS.spLoadFactProjects	[consumption_mps].[dimcountry],[consumption_mps].[dimdate],[consumption_mps].[dimmonitor],[consumption_mps].[dimpointsystem],[consumption_mps].[dimproject],[consumption_mps].[factmonitortimesheetdetails],[consumption_mps].[factprojects],[consumption_mps].[projectranks]	[consumption_mps].[factprojects]	[dbo].[logmessage],[dbo].[splastrowcount]	11
customer	CONSUMPTION_MPS.spLoadFactProjectTrainings	[consumption_mps].[dimdate],[consumption_mps].[factprojecttrainings]	-	[consumption_mps].[sploadfactprojecttrainingspointsattribution],[consumption_mps].[sploadfactprojecttrainingsstaging],[dbo].[logmessage]	6
customer	CONSUMPTION_MPS.spLoadFactProjectTrainingsPointsAttribution	[consumption_mps].[dimpointsystem],[consumption_mps].[factactionitems],[consumption_mps].[factprojecttrainings],[consumption_mps].[projecttrainingsstagingnonstandard],[consumption_mps].[projecttrainingsstagingstandard],[dbo].[udfdatetodatekey]	[consumption_mps].[factprojecttrainings]	[dbo].[logmessage]	7
customer	CONSUMPTION_MPS.spLoadFactProjectTrainingsStaging	[consumption_mps].[datafilters],[consumption_mps].[dimdate],[consumption_mps].[dimmonitor],[consumption_mps].[dimproject],[consumption_mps].[projectteams],[consumption_prima].[corehelpers],[consumption_prima].[globaldeviationtrainingstatus],[consumption_prima].[hrtrainingemployees],[consumption_prima].[hrtrainings],[consumption_prima].[pmtrainingtitleduedates],[consumption_prima].[pmtrainingtitles],[consumption_prima].[projectteams]	-	[dbo].[logmessage],[dbo].[splastrowcount]	7
customer	CONSUMPTION_MPS.spLoadFactSiteIssues	[consumption_mps].[dimcountry],[consumption_mps].[dimdate],[consumption_mps].[dimmonitor],[consumption_mps].[dimpointsystem],[consumption_mps].[dimproject],[consumption_mps].[dimsite],[consumption_mps].[factsiteissues],[consumption_mps].[monitorsiteallocationmonthlystaging],[consumption_mps].[siteissues],[consumption_mps].[siteissuesdetermineddeadline],[consumption_mps].[siteissuesranks],[consumption_mps].[udfgetdatafiltercolumnvalue],[consumption_prima].[siteissues],[consumption_primareporting].[siteevents],[dbo].[udfdatetobomdate]	[consumption_mps].[factsiteissues],[consumption_mps].[siteissuesranks]	[dbo].[logmessage],[dbo].[splastrowcount]	15
customer	CONSUMPTION_MPS.spLoadFactSiteRaEcSubmissions	[consumption_mps].[dimcountry],[consumption_mps].[dimdate],[consumption_mps].[dimpointsystem],[consumption_mps].[dimsite],[consumption_mps].[factsiteraecsubmissions],[consumption_mps].[monitorsiteallocationmonthlystaging],[consumption_mps].[raecsubmissionsranks],[consumption_primareporting].[raecsubmissions],[consumption_primareporting].[sitesubmissions]	[consumption_mps].[factsiteraecsubmissions]	[dbo].[logmessage],[dbo].[splastrowcount]	12
customer	CONSUMPTION_MPS.spLoadFactSiteVisits	[consumption_mps].[dimdate],[consumption_mps].[factmvrstatistics]	-	[consumption_mps].[sploadfactsitevisitspointsattribution],[consumption_mps].[sploadfactsitevisitsstaging],[dbo].[logmessage]	6
customer	CONSUMPTION_MPS.spLoadFactSiteVisitsPointsAttribution	[consumption_mps].[datafilters],[consumption_mps].[dimdate],[consumption_mps].[dimpointsystem],[consumption_mps].[factsitevisits],[consumption_mps].[sitevisitsstaging]	[consumption_mps].[factsitevisits]	[dbo].[logmessage],[dbo].[splastrowcount]	9
customer	CONSUMPTION_MPS.spLoadFactSiteVisitsStaging	[consumption_mps].[datafilters],[consumption_mps].[dimcountry],[consumption_mps].[dimdate],[consumption_mps].[dimmonitor],[consumption_mps].[dimproject],[consumption_mps].[dimsite],[consumption_mps].[sitevisitsstaging],[consumption_prima].[siteevents_durationbyday],[consumption_primareporting].[siteevents]	[consumption_mps].[sitevisitsstaging]	[dbo].[logmessage],[dbo].[splastrowcount]	13
customer	CONSUMPTION_MPS.spLoadFactTimesheetEntry	[consumption_mps].[dimdate],[consumption_mps].[facttimesheetentry]	-	[consumption_mps].[sploadfacttimesheetentrypointsattribution],[consumption_mps].[sploadfacttimesheetentryprestaging],[consumption_mps].[sploadfacttimesheetentrystaging],[dbo].[logmessage]	7
customer	CONSUMPTION_MPS.spLoadFactTimesheetEntryPointsAttribution	[consumption_mps].[dimdate],[consumption_mps].[dimpointsystem],[consumption_mps].[facttimesheetentry],[consumption_mps].[timesheetentrystaging],[consumption_mps].[tsentry_final],[consumption_mps].[tsentryreject_final]	[consumption_mps].[facttimesheetentry]	[dbo].[logmessage]	7
customer	CONSUMPTION_MPS.spLoadFactTimesheetEntryPreStaging	[consumption_mps].[dimcountry],[consumption_mps].[dimdate],[consumption_mps].[dimmonitor],[consumption_mps].[dimproject],[consumption_mps].[timesheetentryprestaging],[consumption_mps].[udfgetdatafiltercolumnvalue],[consumption_prima].[hremployeehistory],[consumption_prima].[pfmjobs],[consumption_prima].[pfmtsmaster],[consumption_prima].[pfmtstasks],[consumption_prima].[pfmtstracker]	[consumption_mps].[timesheetentryprestaging]	[dbo].[logmessage],[dbo].[splastrowcount]	11
customer	CONSUMPTION_MPS.spLoadFactTimesheetEntryStaging	[consumption_mps].[dimdate],[consumption_mps].[timesheetentryprestaging],[consumption_mps].[timesheetentrystaging]	[consumption_mps].[timesheetentrystaging]	[dbo].[logmessage],[dbo].[splastrowcount]	7
customer	CONSUMPTION_MPS.spLoadMonitorMonthlyTimesheetFilter	[consumption_mps].[factmonitortimesheetmonthly],[consumption_mps].[monitormonthlytimesheetfilter]	[consumption_mps].[monitormonthlytimesheetfilter]	[dbo].[logmessage],[dbo].[splastrowcount]	6
customer	CONSUMPTION_MPS.spLoadMonitorSiteAssignedMonthlyStaging	[consumption_mps].[dimcountry],[consumption_mps].[dimdate],[consumption_mps].[dimmonitor],[consumption_mps].[dimproject],[consumption_mps].[dimsite],[consumption_mps].[monitorsiteallocationmonthlystaging],[consumption_mps].[monitorsiteassignedmonthlystaging],[consumption_mps].[udfgetdatafiltercolumnvalue],[consumption_prima].[siteallocations],[consumption_primareporting].[siteevents],[consumption_primareporting].[sitesubjectaggregates],[dbo].[udfdatetobomdate]	[consumption_mps].[monitorsiteallocationmonthlystaging],[consumption_mps].[monitorsiteassignedmonthlystaging]	[dbo].[logmessage],[dbo].[splastrowcount]	15
customer	CONSUMPTION_MPS.spLoadSiteAssignedPointsAttribution	[consumption_mps].[dimdate],[consumption_mps].[dimpointsystem],[consumption_mps].[factmonitorsiteassignedmonthly],[consumption_mps].[monitorsiteassignedmonthlystaging]	[consumption_mps].[factmonitorsiteassignedmonthly]	[dbo].[logmessage],[dbo].[splastrowcount]	8
customer	CONSUMPTION_POWERBI.spLoadFactAggregatedLaborCost	[consumption_powerbi].[factaggregatedlaborcost],[consumption_powerbi].[factlaborcostforearnedvalue]	[consumption_powerbi].[factaggregatedlaborcost]	[dbo].[logmessage],[dbo].[splastrowcount]	6
customer	CONSUMPTION_POWERBI.spLoadFactLaborCostForEarnedValue_1	[consumption_finance].[vfactlaborcost],[consumption_powerbi].[factlaborcostforearnedvalue],[dbo].[full_departmental_map]	[consumption_powerbi].[factlaborcostforearnedvalue]	[dbo].[logmessage],[dbo].[splastrowcount]	6
customer	CONSUMPTION_POWERBI.spLoadFactLaborCostForEarnedValue_2	[consumption_powerbi].[factlaborcostforearnedvalue],[consumption_prima].[monthlyaveragecurrencyexchangerate]	[consumption_powerbi].[factlaborcostforearnedvalue]	[dbo].[logmessage],[dbo].[splastrowcount]	6
customer	CONSUMPTION_PPM.spLoadConsumption_PPM	-	-	[consumption_ppm].[sploaddimcountry],[consumption_ppm].[sploaddimdate],[consumption_ppm].[sploaddimemployeeutilization],[consumption_ppm].[sploaddimprojects],[consumption_ppm].[sploaddimprojectsregions],[consumption_ppm].[sploaddimprojectssites],[consumption_ppm].[sploaddimprojectssubjects],[consumption_ppm].[sploaddimprojectstimesheets],[consumption_ppm].[sploadfactprojectssitessubjects],[consumption_ppm].[sploadfactprojectssitessubjectsdetails],[consumption_ppm].[sploadfactprojectssitessubjectshistory],[consumption_ppm].[sploadfactsiteactivationregions],[consumption_ppm].[sploadfactsiteactivationsites],[consumption_ppm].[sploadfacttimesheetentry],[consumption_ppm].[sploadfacttimesheethoursdaily],[consumption_ppm].[sploadfacttimesheethoursdetails],[consumption_ppm].[sploadfacttimesheetissues],[consumption_ppm].[sploadfacttolerancerule1eventdetails],[consumption_ppm].[sploadfacttolerancerule1monthly],[consumption_ppm].[sploadfacttolerancerule1tsdetails],[consumption_ppm].[sploadfactutilizationmonthlycontractorhistory],[consumption_ppm].[sploadfactutilizationmonthlydetails],[consumption_ppm].[sploadfactutilizationmonthlyftehistory],[consumption_ppm].[sprlslinemanageraccess],[consumption_ppm].[sprlsprojectaccess],[dbo].[logmessage]	20
customer	CONSUMPTION_PPM.spLoadDimCountry	[consumption_ppm].[dimcountry],[consumption_ppm].[udfgetdatafiltercolumnvalue],[consumption_prima].[globalcountries]	[consumption_ppm].[dimcountry]	[dbo].[logmessage],[dbo].[splastrowcount]	6
customer	CONSUMPTION_PPM.spLoadDimDate	[consumption_ppm].[dimdate],[consumption_ppm].[udfgetdatafiltercolumnvalue],[dbo].[dimdate]	[consumption_ppm].[dimdate]	[dbo].[logmessage],[dbo].[splastrowcount]	7
customer	CONSUMPTION_PPM.spLoadDimEmployeeUtilization	[consumption_ppm].[dimemployeeutilization],[consumption_ppm].[factutilizationmonthlydetails]	[consumption_ppm].[dimemployeeutilization]	[dbo].[logmessage],[dbo].[splastrowcount]	6
customer	CONSUMPTION_PPM.spLoadDimProjects	[consumption_ppm].[dimprojects],[consumption_ppm].[udfgetdatafiltercolumnvalue],[consumption_prima].[projects]	[consumption_ppm].[dimprojects]	[dbo].[logmessage],[dbo].[splastrowcount]	6
customer	CONSUMPTION_PPM.spLoadDimProjectsRegions	[consumption_ppm].[dimprojects],[consumption_ppm].[dimprojectsregions],[consumption_ppm].[udfgetdatafiltercolumnvalue],[consumption_prima].[corehelpers],[consumption_prima].[projectregions],[consumption_prima].[regions]	[consumption_ppm].[dimprojectsregions]	[dbo].[logmessage],[dbo].[splastrowcount]	7
customer	CONSUMPTION_PPM.spLoadDimProjectsSites	[consumption_ppm].[dimprojectsregions],[consumption_ppm].[dimprojectssites],[consumption_ppm].[udfgetdatafiltercolumnvalue],[consumption_prima].[projectsites],[consumption_prima].[sites]	[consumption_ppm].[dimprojectssites]	[dbo].[logmessage],[dbo].[splastrowcount]	7
customer	CONSUMPTION_PPM.spLoadDimProjectsSubjects	[consumption_ppm].[dimprojectssites],[consumption_ppm].[dimprojectssubjects],[consumption_prima].[corehelpers],[consumption_prima].[subjects],[consumption_prima].[subjectstatistics]	[consumption_ppm].[dimprojectssubjects]	[dbo].[logmessage],[dbo].[splastrowcount]	6
customer	CONSUMPTION_PPM.spLoadFactProjectsSitesSubjects	[consumption_ppm].[dimprojects],[consumption_ppm].[dimprojectsregions],[consumption_ppm].[dimprojectssites],[consumption_ppm].[dimprojectssubjects],[consumption_ppm].[factprojectssitessubjects]	[consumption_ppm].[factprojectssitessubjects]	[dbo].[logmessage],[dbo].[splastrowcount]	9
customer	CONSUMPTION_PPM.spLoadFactProjectsSitesSubjectsDetails	[consumption_ppm].[dimcountry],[consumption_ppm].[dimprojects],[consumption_ppm].[dimprojectsregions],[consumption_ppm].[dimprojectssites],[consumption_ppm].[dimprojectssubjects],[consumption_ppm].[factprojectssitessubjectsdetails],[consumption_prima].[projectmilestones]	[consumption_ppm].[factprojectssitessubjectsdetails]	[dbo].[logmessage],[dbo].[splastrowcount]	10
customer	CONSUMPTION_PPM.spLoadFactProjectsSitesSubjectsHistory	[consumption_ppm].[factprojectssitessubjects],[consumption_ppm].[factprojectssitessubjectshistory],[consumption_ppm].[sploadfactprojectssitessubjectshistory],[consumption_ppm].[udfgetdatafiltercolumnvalue]	[consumption_ppm].[factprojectssitessubjectshistory]	[dbo].[logmessage],[dbo].[splastrowcount]	7
customer	CONSUMPTION_PPM.spLoadFactSiteActivationRegions	[consumption_ppm].[dimcountry],[consumption_ppm].[dimprojects],[consumption_ppm].[dimprojectsregions],[consumption_ppm].[dimprojectssites],[consumption_ppm].[factsiteactivationregions],[consumption_prima].[siteactivationmilestones]	[consumption_ppm].[factsiteactivationregions]	[dbo].[logmessage],[dbo].[splastrowcount]	9
customer	CONSUMPTION_PPM.spLoadFactSiteActivationSites	[consumption_ppm].[dimcountry],[consumption_ppm].[dimprojects],[consumption_ppm].[dimprojectsregions],[consumption_ppm].[dimprojectssites],[consumption_ppm].[factsiteactivationsites],[consumption_prima].[siteactivationmilestones],[consumption_prima].[siteallocations]	[consumption_ppm].[factsiteactivationsites]	[dbo].[logmessage],[dbo].[splastrowcount]	9
customer	CONSUMPTION_PPM.spLoadFactTimesheetEntry	[consumption_ppm].[dimdate],[consumption_ppm].[facttimesheetentry],[consumption_ppm].[facttimesheethoursdetails]	[consumption_ppm].[facttimesheetentry]	[dbo].[logmessage],[dbo].[splastrowcount]	7
customer	CONSUMPTION_PPM.spLoadFactTimesheetHoursDaily	[consumption_ppm].[facttimesheethoursdaily],[consumption_ppm].[facttimesheethoursdetails]	[consumption_ppm].[facttimesheethoursdaily]	[dbo].[logmessage],[dbo].[splastrowcount]	6
customer	CONSUMPTION_PPM.spLoadFactTimesheetHoursDetails	[consumption_clinopsfinance].[employeecontractutilization_post],[consumption_ppm].[dimdate],[consumption_ppm].[facttimesheethoursdetails],[consumption_prima].[hremployeehistory],[consumption_prima].[pfmtsmaster],[consumption_prima].[pfmtssubcategories],[consumption_prima].[pfmtstasks],[consumption_prima].[pfmtstracker],[consumption_prima].[projects]	[consumption_ppm].[facttimesheethoursdetails]	[dbo].[logmessage],[dbo].[splastrowcount]	8
customer	CONSUMPTION_PPM.spLoadFactTimesheetIssues	[consumption_clinopsfinance].[employeecontractutilization_post],[consumption_ppm].[dimdate],[consumption_ppm].[facttimesheethoursdetails],[consumption_ppm].[facttimesheetissues],[consumption_ppm].[udfgetdatafiltercolumnvalue]	[consumption_ppm].[facttimesheetissues]	[dbo].[logmessage],[dbo].[splastrowcount]	9
customer	CONSUMPTION_PPM.spLoadFactUtilizationMonthlyContractorHistory	[consumption_ppm].[dimdate],[consumption_ppm].[factutilizationmonthlycontractorhistory],[consumption_ppm].[factutilizationmonthlydetails],[consumption_ppm].[sploadfactutilizationmonthlycontractorhistory],[consumption_ppm].[udfgetdatafiltercolumnvalue]	[consumption_ppm].[factutilizationmonthlycontractorhistory]	[dbo].[logmessage],[dbo].[splastrowcount]	8
customer	CONSUMPTION_PPM.spLoadFactUtilizationMonthlyDetails	[consumption_clinopsfinance].[employeecontractutilization_post],[consumption_clinopsfinance].[hrcontractattendance],[consumption_ppm].[dimcountry],[consumption_ppm].[dimdate],[consumption_ppm].[facttimesheethoursdaily],[consumption_ppm].[factutilizationmonthlydetails],[consumption_prima].[hremployeehistory]	[consumption_ppm].[factutilizationmonthlydetails]	[dbo].[logmessage],[dbo].[splastrowcount]	11
customer	CONSUMPTION_PPM.spLoadFactUtilizationMonthlyFTEHistory	[consumption_ppm].[dimdate],[consumption_ppm].[factutilizationmonthlydetails],[consumption_ppm].[factutilizationmonthlyftehistory],[consumption_ppm].[sploadfactutilizationmonthlyftehistory],[consumption_ppm].[udfgetdatafiltercolumnvalue]	[consumption_ppm].[factutilizationmonthlyftehistory]	[dbo].[logmessage],[dbo].[splastrowcount]	8
customer	CONSUMPTION_PRIMA.spLoadDWH	-	-	[consumption_prima].[sploadenrollmentplansiteshistory],[consumption_prima].[sploadmonthlyaveragecurrencyexchangerate],[consumption_prima].[sploadsiteevents_durationbyday],[consumption_prima].[sploadsiteevents_durationbydayplanned]	4
customer	CONSUMPTION_PRIMA.spLoadEnrollmentPlanSitesHistory	[consumption_prima].[enrollmentplansites],[consumption_prima].[enrollmentplansiteshistory]	[consumption_prima].[enrollmentplansiteshistory]	[dbo].[logmessage],[dbo].[splastrowcount]	3
customer	CONSUMPTION_PRIMA.spLoadMonthlyAverageCurrencyExchangeRate	[consumption_prima].[globalcurrencyrates],[consumption_prima].[monthlyaveragecurrencyexchangerate]	[consumption_prima].[monthlyaveragecurrencyexchangerate]	[consumption_primareporting_2].[splastrowcount],[dbo].[logmessage]	5
customer	CONSUMPTION_PRIMA.spLoadSiteEvents_DurationByDay	[consumption_prima].[siteevents],[consumption_prima].[siteevents_durationbyday],[consumption_primareporting].[siteevents]	[consumption_prima].[siteevents_durationbyday]	[dbo].[logmessage],[dbo].[splastrowcount]	6
customer	CONSUMPTION_PRIMA.spLoadSiteEvents_DurationByDayPlanned	[consumption_prima].[siteevents],[consumption_prima].[siteevents_durationbydayplanned]	[consumption_prima].[siteevents_durationbydayplanned]	[dbo].[logmessage],[dbo].[splastrowcount]	5
customer	CONSUMPTION_PRIMAREPORTING_2.spLastRowCount	[sys].[dm_pdw_exec_requests],[sys].[dm_pdw_sql_requests]	-	-	1
customer	CONSUMPTION_RPA.sp_PrimaCtmGrantPaymentsTracking	[consumption_prima].[corehelpers],[consumption_prima].[ctmpaymenttracker],[consumption_prima].[ctmreimbursementclaims],[consumption_prima].[ctmsalesinvoicelines],[consumption_prima].[ctmsalesinvoices],[consumption_prima].[ctmsapagreements],[consumption_prima].[ctmsapapprovedpaymentssummary],[consumption_prima].[ctmsapcostcenters],[consumption_prima].[ctmsapinstallments],[consumption_prima].[ctmsappayments],[consumption_prima].[globalaccounts],[consumption_prima].[globalcontacts],[consumption_prima].[globalcountries],[consumption_prima].[globalcountryregions],[consumption_prima].[globalcurrencies],[consumption_prima].[projects],[consumption_prima].[sites],[consumption_rpa].[primactmgrantpaymentstracking]	[consumption_rpa].[primactmgrantpaymentstracking]	[dbo].[logmessage],[dbo].[splastrowcount]	5
customer	CONSUMPTION_RPA.sp_PrimaCtmInvoicingReport	[consumption_prima].[corehelpers],[consumption_prima].[ctmprocedures],[consumption_prima].[ctmproceduretracker],[consumption_prima].[ctmsalesinvoicelines],[consumption_prima].[ctmsalesinvoices],[consumption_prima].[ctmsapagreements],[consumption_prima].[ctmsapcostcenters],[consumption_prima].[ctmsapinstallments],[consumption_prima].[ctmsappayments],[consumption_prima].[ctmsaprules],[consumption_prima].[globalaccounts],[consumption_prima].[globalcontacts],[consumption_prima].[globalcountries],[consumption_prima].[globalcurrencies],[consumption_prima].[projects],[consumption_prima].[sites],[consumption_prima].[studyarms],[consumption_prima].[subjectevents],[consumption_prima].[subjecteventtemplates],[consumption_prima].[subjects],[consumption_prima].[subjectstatuses],[consumption_rpa].[primactminvoicingreport]	[consumption_rpa].[primactminvoicingreport]	[dbo].[logmessage],[dbo].[splastrowcount]	5
customer	CONSUMPTION_RPA.spLoadConsumption_RPA	-	-	[consumption_rpa].[sp_primactmgrantpaymentstracking],[consumption_rpa].[sp_primactminvoicingreport],[dbo].[logmessage]	3
customer	CONSUMPTION_SALESFORCE.spLoadContract	[consumption_salesforce].[contract],[consumption_sod].[getfirstdayofthepsireportingyear],[staging_salesforce].[salesforcecontract],[staging_salesforce].[salesforceopportunity],[staging_salesforce].[salesforceopportunitycontract]	[consumption_salesforce].[contract]	[dbo].[logmessage],[dbo].[splastrowcount]	5
customer	CONSUMPTION_SALESFORCE.spLoadOpportunity	[consumption_salesforce].[contract],[consumption_salesforce].[opportunity],[consumption_sod].[dimdate],[consumption_sod].[getfirstdayofthepsireportingyear],[staging_salesforce].[salesforceopportunity]	[consumption_salesforce].[opportunity]	[dbo].[logmessage],[dbo].[splastrowcount]	7
customer	CONSUMPTION_SOD.spLoadConsumption_SOD	-	-	[consumption_sod].[sploaddimaccount],[consumption_sod].[sploaddimcontract],[consumption_sod].[sploaddimopportunity],[consumption_sod].[sploaddimopportunitybdregion],[consumption_sod].[sploaddimopportunitycontract],[consumption_sod].[sploaddimopportunityowner],[consumption_sod].[sploaddimopportunityprobability],[consumption_sod].[sploaddimopportunityregion],[consumption_sod].[sploaddimopportunitystage],[consumption_sod].[sploaddimopportunitytherapeuticarea],[consumption_sod].[sploaddimopportunitytype],[dbo].[logmessage]	12
customer	CONSUMPTION_SOD.spLoadDimAccount	[consumption_salesforce].[salesforceaccount],[consumption_sod].[dimaccount]	[consumption_sod].[dimaccount]	[dbo].[logmessage],[dbo].[splastrowcount]	6
customer	CONSUMPTION_SOD.spLoadDimContract	[consumption_salesforce].[salesforcecontract],[consumption_sod].[dimcontract]	[consumption_sod].[dimcontract]	[dbo].[logmessage],[dbo].[splastrowcount]	6
customer	CONSUMPTION_SOD.spLoadDimOpportunity	[consumption_salesforce].[opportunity],[consumption_sod].[dimopportunity]	[consumption_sod].[dimopportunity]	[dbo].[logmessage],[dbo].[splastrowcount]	6
customer	CONSUMPTION_SOD.spLoadDimOpportunityBdRegion	[consumption_salesforce].[salesforceopportunity],[consumption_sod].[dimopportunitybdregion]	[consumption_sod].[dimopportunitybdregion]	[dbo].[logmessage]	5
customer	CONSUMPTION_SOD.spLoadDimOpportunityContract	[consumption_salesforce].[salesforceopportunitycontract],[consumption_sod].[dimopportunitycontract]	[consumption_sod].[dimopportunitycontract]	[dbo].[logmessage],[dbo].[splastrowcount]	6
customer	CONSUMPTION_SOD.spLoadDimOpportunityOwner	[consumption_salesforce].[salesforceopportunity],[consumption_sod].[dimopportunityowner]	[consumption_sod].[dimopportunityowner]	[dbo].[logmessage]	5
customer	CONSUMPTION_SOD.spLoadDimOpportunityProbability	[consumption_sod].[dimopportunityprobability]	[consumption_sod].[dimopportunityprobability]	[dbo].[logmessage]	4
customer	CONSUMPTION_SOD.spLoadDimOpportunityRegion	[consumption_salesforce].[salesforceaccount],[consumption_sod].[dimopportunityregion]	[consumption_sod].[dimopportunityregion]	[dbo].[logmessage]	5
customer	CONSUMPTION_SOD.spLoadDimOpportunityStage	[consumption_salesforce].[salesforceopportunity],[consumption_sod].[dimopportunitystage]	[consumption_sod].[dimopportunitystage]	[dbo].[logmessage]	5
customer	CONSUMPTION_SOD.spLoadDimOpportunityTherapeuticArea	[consumption_salesforce].[salesforceopportunity],[consumption_sod].[dimopportunitytherapeuticarea]	[consumption_sod].[dimopportunitytherapeuticarea]	[dbo].[logmessage]	5
customer	CONSUMPTION_SOD.spLoadDimOpportunityType	[consumption_salesforce].[salesforceopportunity],[consumption_sod].[dimopportunitytype]	[consumption_sod].[dimopportunitytype]	[dbo].[logmessage]	5
customer	CONSUMPTION_STARTUP.spLoadAgreementTemplate	[consumption_startup].[factagreementtemplate],[transformation_startup].[vw_agreementtemplate]	[consumption_startup].[factagreementtemplate]	[dbo].[logmessage]	4
customer	CONSUMPTION_STARTUP.spLoadDimProject	[consumption_prima].[corehelpers],[consumption_primareporting].[projects],[consumption_startup].[dimproject],[consumption_startup].[lkp_exclusion]	[consumption_startup].[dimproject]	[dbo].[logmessage]	6
customer	CONSUMPTION_STARTUP.spLoadDimProjectRegion	[consumption_prima].[corehelpers],[consumption_prima].[globalcountries],[consumption_prima].[globalcountryregions],[consumption_primareporting].[projectregions],[consumption_primareporting].[projects],[consumption_primareporting].[raecsubmissions],[consumption_startup].[dimprojectregion],[consumption_startup].[lkp_exclusion],[consumption_startup].[vw_dimproject]	[consumption_startup].[dimprojectregion]	[dbo].[logmessage]	9
customer	CONSUMPTION_STARTUP.spLoadDimTemplateType	[consumption_primareporting].[agreementtemplates],[consumption_primareporting].[siteagreements],[consumption_startup].[dimtemplatetype],[consumption_startup].[lkp_exclusion]	[consumption_startup].[dimtemplatetype]	[dbo].[logmessage]	7
customer	CONSUMPTION_STARTUP.spLoadDWH	-	-	[consumption_startup].[sploadagreementtemplate],[consumption_startup].[sploaddimproject],[consumption_startup].[sploaddimprojectregion],[consumption_startup].[sploaddimtemplatetype],[consumption_startup].[sploadexclusion],[consumption_startup].[sploadipredsreview],[consumption_startup].[sploadlkp_metricglossary],[consumption_startup].[sploadproject],[consumption_startup].[sploadprojectmilestone],[consumption_startup].[sploadprojectregion],[consumption_startup].[sploadraecsubmission],[consumption_startup].[sploadsite],[consumption_startup].[sploadsiteactivationmilestone],[consumption_startup].[sploadsiteagreement],[staging_startup].[sploadepmfcdttracker],[staging_startup].[sploadprojectteams],[staging_startup].[sploadraecsubmissions],[staging_startup].[sploadsiteeventplanhistory],[transformation_startup].[sploadfactduration]	17
customer	CONSUMPTION_STARTUP.spLoadIpRedsReview	[consumption_startup].[factipredsreview],[transformation_startup].[vw_ipredsreview]	[consumption_startup].[factipredsreview]	[dbo].[logmessage]	4
customer	CONSUMPTION_STARTUP.spLoadlkp_MetricGlossary	[consumption_startup].[lkp_metricglossary],[staging_startup].[lkp_metricglossary]	[consumption_startup].[lkp_metricglossary]	[dbo].[logmessage]	5
customer	CONSUMPTION_STARTUP.spLoadProject	[consumption_prima].[corehelpers],[consumption_startup].[factproject],[transformation_startup].[vw_project]	[consumption_startup].[factproject]	[dbo].[logmessage]	4
customer	CONSUMPTION_STARTUP.spLoadProjectMilestone	[consumption_startup].[factprojectmilestone],[transformation_startup].[vw_projectmilestone]	[consumption_startup].[factprojectmilestone]	[dbo].[logmessage]	5
customer	CONSUMPTION_STARTUP.spLoadProjectRegion	[consumption_startup].[factprojectregion],[transformation_startup].[vw_projectregion]	[consumption_startup].[factprojectregion]	[dbo].[logmessage]	4
customer	CONSUMPTION_STARTUP.spLoadRaEcSubmission	[consumption_startup].[factraecsubmission],[transformation_startup].[vw_raecsubmission]	[consumption_startup].[factraecsubmission]	[dbo].[logmessage]	4
customer	CONSUMPTION_STARTUP.spLoadSite	[consumption_startup].[factsite],[transformation_startup].[vw_site]	[consumption_startup].[factsite]	[dbo].[logmessage]	4
customer	CONSUMPTION_STARTUP.spLoadSiteActivationMilestone	[consumption_startup].[factsiteactivationmilestone],[transformation_startup].[vw_siteactivationmilestone]	[consumption_startup].[factsiteactivationmilestone]	[dbo].[logmessage]	5
customer	CONSUMPTION_STARTUP.spLoadSiteAgreement	[consumption_startup].[factsiteagreement],[transformation_startup].[vw_siteagreement]	[consumption_startup].[factsiteagreement]	[dbo].[logmessage]	4
customer	DBO.LogMessage	-	[admin].[logs]	-	229
customer	DBO.spLastRowCount	[sys].[dm_pdw_exec_requests],[sys].[dm_pdw_sql_requests]	-	-	129
customer	STAGING_CADENCE.spLoadCadenceCase0Data	[staging_cadence].[finalcountryreallocatets],[staging_cadence].[finalcountryreallocatetsaggregateddata]	[staging_cadence].[cadencecase0data],[staging_cadence].[finalcountryreallocatetsaggregateddata]	[dbo].[logmessage],[dbo].[splastrowcount]	7
customer	STAGING_CADENCE.spLoadCadenceExtractFunctionLocation	[staging_cadence].[cadenceextract],[staging_cadence].[cadencerates]	[staging_cadence].[cadenceextractfunctionlocation]	[dbo].[logmessage],[dbo].[splastrowcount]	5
customer	STAGING_CADENCE.spLoadCadenceExtractTaskCountry	[staging_cadence].[cadenceextract]	[staging_cadence].[cadenceextracttaskcountry]	[dbo].[logmessage],[dbo].[splastrowcount]	4
customer	STAGING_CADENCE.spLoadCadenceOutOfScopeRecords	[staging_cadence].[cadenceextract]	[staging_cadence].[cadenceoutofscoperecords]	[dbo].[logmessage],[dbo].[splastrowcount]	4
customer	STAGING_CADENCE.spLoadCountryReallocateTS	[staging_cadence].[taskandfunctiondata]	[staging_cadence].[countryreallocatets]	[dbo].[logmessage],[dbo].[splastrowcount]	5
customer	STAGING_CADENCE.spLoadFinalCountryReallocateTS_Case1	[dbo].[udfdivide],[staging_cadence].[countryreallocatets],[staging_cadence].[nocountryreallocatets]	[staging_cadence].[finalcountryreallocatets]	[dbo].[logmessage],[dbo].[splastrowcount]	7
customer	STAGING_CADENCE.spLoadFinalCountryReallocateTS_Case2	[dbo].[udfdivide],[staging_cadence].[countryreallocatets],[staging_cadence].[finalcountryreallocatets],[staging_cadence].[nocountryreallocatets]	[staging_cadence].[finalcountryreallocatets]	[dbo].[logmessage],[dbo].[splastrowcount]	8
customer	STAGING_CADENCE.spLoadFinalCountryReallocateTS_Case3	[staging_cadence].[countryreallocatets],[staging_cadence].[finalcountryreallocatets]	[staging_cadence].[finalcountryreallocatets]	[dbo].[logmessage],[dbo].[splastrowcount]	6
customer	STAGING_CADENCE.spLoadFinalCountryReallocateTS_Case4	[dbo].[udfdivide],[staging_cadence].[countryreallocatets],[staging_cadence].[nocountryreallocatets]	[staging_cadence].[finalcountryreallocatets]	[dbo].[logmessage],[dbo].[splastrowcount]	7
customer	STAGING_CADENCE.spLoadFinalCountryReallocateTS_NoCountry	[staging_cadence].[nocountryreallocatets]	[staging_cadence].[finalcountryreallocatets]	[dbo].[logmessage],[dbo].[splastrowcount]	5
customer	STAGING_CADENCE.spLoadMonthlyTaskTaskCountry	[dbo].[udfdivide],[staging_cadence].[aggregatedcountrytotals],[staging_cadence].[cadencecase0data]	[staging_cadence].[aggregatedcountrytotals],[staging_cadence].[monthlytasktaskcountry]	[dbo].[logmessage],[dbo].[splastrowcount]	8
customer	STAGING_CADENCE.spLoadMonthlyTaskTaskCountryGlobalNoCountry	[dbo].[udfdivide],[staging_cadence].[aggregatedcountrytotals],[staging_cadence].[cadencecase0data]	[staging_cadence].[aggregatedcountrytotals],[staging_cadence].[monthlytasktaskcountryglobalnocountry]	[dbo].[logmessage],[dbo].[splastrowcount]	8
customer	STAGING_CADENCE.spLoadNoCountryReallocateTS	[staging_cadence].[taskandfunctiondata]	[staging_cadence].[nocountryreallocatets]	[dbo].[logmessage],[dbo].[splastrowcount]	5
customer	STAGING_CADENCE.spLoadReconciliation_Case4.5	[staging_cadence].[taskandfunctiondata]	[staging_cadence].[reconciliationpopulation]	[dbo].[logmessage],[dbo].[splastrowcount]	5
customer	STAGING_CADENCE.spLoadReconciliation_Case5-6	[staging_cadence].[reconciliationcalc],[staging_cadence].[reconciliationpopulation]	[staging_cadence].[reconciliationcalc],[staging_cadence].[reconciliationev]	[dbo].[logmessage],[dbo].[splastrowcount]	7
customer	STAGING_CADENCE.spLoadTaskAndFunctionData	[staging_cadence].[cadenceextractfunctionlocation],[staging_cadence].[cadenceextracttaskcountry],[staging_cadence].[taskandfunctiondata]	[staging_cadence].[taskandfunctiondata]	[dbo].[logmessage],[dbo].[splastrowcount]	7
customer	STAGING_EDC_2.backup_inf	[sys].[schemas]	-	-	0
customer	STAGING_EDC_MEDIDATA.LogMessage	-	[staging_edc_medidata].[logs]	-	1
customer	STAGING_EDC_MEDIDATA.spEDCImport	[staging_edc_medidata].[apd334_301_ae]	-	-	0
customer	STAGING_STARTUP.spLoadEpmfCdtTracker	[consumption_prima].[epmfcdttracker],[staging_startup].[epmfcdttracker]	[staging_startup].[epmfcdttracker]	[dbo].[logmessage]	4
customer	STAGING_STARTUP.spLoadProjectTeams	[consumption_prima].[globalcontacts],[consumption_prima].[projectteams],[staging_startup].[projectteams]	[staging_startup].[projectteams]	[dbo].[logmessage]	4
customer	STAGING_STARTUP.spLoadRaEcSubmissions	[consumption_prima].[raecsubmissions],[staging_startup].[raecsubmissions]	[staging_startup].[raecsubmissions]	[dbo].[logmessage]	4
customer	STAGING_STARTUP.spLoadSiteEventPlanHistory	[consumption_prima].[corehelpers],[consumption_prima].[siteeventplanhistory],[consumption_primareporting].[projects],[consumption_primareporting].[siteevents],[consumption_primareporting].[sites],[consumption_startup].[lkp_exclusion],[staging_startup].[siteeventplanhistory]	[staging_startup].[siteeventplanhistory]	[dbo].[logmessage]	8
customer	TRANSFORMATION_ENTERPRISEMETRICS.spLoadCosts	[transformation_enterprisemetrics].[costs],[transformation_enterprisemetrics].[lkp_currencyconversion],[transformation_enterprisemetrics].[vw_glcognos_directcosts],[transformation_enterprisemetrics].[vw_glcognos_opex1],[transformation_enterprisemetrics].[vw_glcognos_opex2],[transformation_enterprisemetrics].[vw_glcognos_subcontractor]	[transformation_enterprisemetrics].[costs]	[dbo].[logmessage]	9
customer	TRANSFORMATION_ENTERPRISEMETRICS.spLoadEarnedValue	[consumption_clinopsfinance].[cadencebudgetdata_post],[consumption_enterprisemetrics].[vw_dimcountry],[consumption_enterprisemetrics].[vw_dimdepartment],[dbo].[dimdate],[transformation_enterprisemetrics].[earnedvalue],[transformation_enterprisemetrics].[earnedvalue_noncadence],[transformation_enterprisemetrics].[lkp_project],[transformation_enterprisemetrics].[lookup_common]	[transformation_enterprisemetrics].[earnedvalue]	[dbo].[logmessage]	11
customer	TRANSFORMATION_ENTERPRISEMETRICS.spLoadEarnedValue_calc	[consumption_enterprisemetrics].[vw_dimdate],[dbo].[udfdivide],[transformation_enterprisemetrics].[earnedvalue_calc],[transformation_enterprisemetrics].[invoice],[transformation_enterprisemetrics].[vw_earnedvalue_agg],[transformation_enterprisemetrics].[vw_earnedvalue_combined]	[transformation_enterprisemetrics].[earnedvalue_calc]	[dbo].[logmessage]	9
customer	TRANSFORMATION_ENTERPRISEMETRICS.spLoadEarnedValue_NonCadence	[staging_enterprisemetrics].[noncadence],[transformation_enterprisemetrics].[earnedvalue_noncadence],[transformation_enterprisemetrics].[lkp_project]	[transformation_enterprisemetrics].[earnedvalue_noncadence]	[dbo].[logmessage]	6
customer	TRANSFORMATION_ENTERPRISEMETRICS.spLoadGLCognos_base	[consumption_enterprisemetrics].[datafilters_jobpositions],[consumption_enterprisemetrics].[opex2allocation],[consumption_enterprisemetrics].[vw_dimcountry],[consumption_enterprisemetrics].[vw_dimdate],[consumption_enterprisemetrics].[vw_dimdepartment],[consumption_finance].[dimcompany],[consumption_finance].[dimcountry],[consumption_finance].[dimdepartment],[consumption_finance].[dimposition],[consumption_finance].[factglcognos],[transformation_enterprisemetrics].[glcognos_base],[transformation_enterprisemetrics].[lkp_account]	[transformation_enterprisemetrics].[glcognos_base]	[dbo].[logmessage]	15
customer	TRANSFORMATION_ENTERPRISEMETRICS.spLoadHeadCount	[consumption_enterprisemetrics].[vw_dimcountry],[consumption_enterprisemetrics].[vw_dimdate],[consumption_enterprisemetrics].[vw_dimdepartment],[consumption_prima].[hremployeehistory],[transformation_enterprisemetrics].[headcount],[transformation_enterprisemetrics].[lookup_common]	[transformation_enterprisemetrics].[headcount]	[dbo].[logmessage]	9
customer	TRANSFORMATION_ENTERPRISEMETRICS.spLoadInvoice	[consumption_clinopsfinance].[dateranges_pm],[consumption_finance].[sap_sales_details_metrics],[consumption_prima].[monthlyaveragecurrencyexchangerate],[dbo].[dimdate],[transformation_enterprisemetrics].[earnedvalue],[transformation_enterprisemetrics].[earnedvalue_noncadence],[transformation_enterprisemetrics].[invoice],[transformation_enterprisemetrics].[lookup_invoice]	[transformation_enterprisemetrics].[invoice]	[dbo].[logmessage]	11
customer	TRANSFORMATION_ENTERPRISEMETRICS.spLoadLookup_Common	[staging_enterprisemetrics].[lookup_common],[transformation_enterprisemetrics].[lookup_common]	[transformation_enterprisemetrics].[lookup_common]	[dbo].[logmessage]	5
customer	TRANSFORMATION_ENTERPRISEMETRICS.spLoadLookup_Invoice	[staging_enterprisemetrics].[lookup_invoice],[transformation_enterprisemetrics].[lookup_invoice]	[transformation_enterprisemetrics].[lookup_invoice]	[dbo].[logmessage]	5
customer	TRANSFORMATION_FINANCEHUB.spCadenceRule_EVPREP	[transformation_financehub].[cadenceworker]	-	[dbo].[logmessage]	2
customer	TRANSFORMATION_FINANCEHUB.spCadenceRule_FCR_Case1	[dbo].[udfdivideasdec],[transformation_financehub].[cadenceworker],[transformation_financehub].[udfcreatejsonauditlog]	[transformation_financehub].[cadenceworker]	[dbo].[logmessage]	5
customer	TRANSFORMATION_FINANCEHUB.spCadenceRule_FCR_Case2	[dbo].[udfdivideasdec],[transformation_financehub].[cadenceworker],[transformation_financehub].[udfcreatejsonauditlog]	[transformation_financehub].[cadenceworker]	[dbo].[logmessage]	5
customer	TRANSFORMATION_FINANCEHUB.spCadenceRule_FCR_Case4	[dbo].[udfdivide],[transformation_financehub].[cadenceworker],[transformation_financehub].[udfcreatejsonauditlog]	[transformation_financehub].[cadenceworker]	[dbo].[logmessage]	5
customer	TRANSFORMATION_FINANCEHUB.spCadenceRule_GLB	[transformation_financehub].[cadenceworker]	[transformation_financehub].[cadenceworker]	[dbo].[logmessage]	3
customer	TRANSFORMATION_FINANCEHUB.spCadenceRule_INIT	[consumption_financehub].[vdatafilters],[staging_financehub].[cadenceextract_test],[staging_financehub].[cadencerates_20260121],[transformation_financehub].[cadenceworker],[transformation_financehub].[udfcreatejsonauditlog]	[transformation_financehub].[cadenceworker]	[dbo].[logmessage]	6
customer	TRANSFORMATION_FINANCEHUB.spCadenceRule_OOS	[transformation_financehub].[cadenceworker]	[transformation_financehub].[cadenceworker]	[dbo].[logmessage]	3
customer	TRANSFORMATION_FINANCEHUB.spCadenceRule_SUMH	[transformation_financehub].[cadenceworker],[transformation_financehub].[udfcreatejsonauditlog]	[transformation_financehub].[cadenceworker]	[dbo].[logmessage]	4
customer	TRANSFORMATION_FINANCEHUB.spDataFilters_hist	[staging_financehub].[datafilters],[transformation_financehub].[datafilters_hist]	[transformation_financehub].[datafilters_hist]	[dbo].[logmessage],[dbo].[splastrowcount]	6
customer	TRANSFORMATION_FINANCEHUB.spDateRangeMonthClose_Config	[transformation_financehub].[daterangemonthclose_config]	[transformation_financehub].[daterangemonthclose_config]	[dbo].[logmessage]	3
customer	TRANSFORMATION_FINANCEHUB.spDimAccount_hist	[staging_finance_cognos].[t_account_filter],[transformation_financehub].[dimaccount_hist]	[transformation_financehub].[dimaccount_hist]	[dbo].[logmessage],[dbo].[splastrowcount]	5
customer	TRANSFORMATION_FINANCEHUB.spDimAccountDetailsCognos_hist	[staging_financehub].[dimaccountdetailscognos],[transformation_financehub].[dimaccountdetailscognos_hist]	[transformation_financehub].[dimaccountdetailscognos_hist]	[dbo].[logmessage],[dbo].[splastrowcount]	6
customer	TRANSFORMATION_FINANCEHUB.spDimActuality_hist	[staging_finance_cognos].[t_actuality_filter],[transformation_financehub].[dimactuality_hist]	[transformation_financehub].[dimactuality_hist]	[dbo].[logmessage],[dbo].[splastrowcount]	5
customer	TRANSFORMATION_FINANCEHUB.spDimCompany_hist	[consumption_financehub].[vdimcountry],[staging_finance_cognos].[t_company_filter],[transformation_financehub].[dimcompany_hist]	[transformation_financehub].[dimcompany_hist]	[dbo].[logmessage],[dbo].[splastrowcount]	6
customer	TRANSFORMATION_FINANCEHUB.spDimConsType_hist	[staging_finance_cognos].[t_constype_filter],[transformation_financehub].[dimconstype_hist]	[transformation_financehub].[dimconstype_hist]	[dbo].[logmessage],[dbo].[splastrowcount]	5
customer	TRANSFORMATION_FINANCEHUB.spDimCountry_hist	[consumption_primahub].[country],[staging_cadence].[cadenceextract],[transformation_financehub].[dimcompany_hist],[transformation_financehub].[dimcountry_hist],[transformation_financehub].[lkpcountry_hist]	[transformation_financehub].[dimcountry_hist]	[dbo].[logmessage],[dbo].[splastrowcount]	7
customer	TRANSFORMATION_FINANCEHUB.spDimDepartment_hist	[staging_financehub].[dimdepartment],[transformation_financehub].[dimdepartment_hist]	[transformation_financehub].[dimdepartment_hist]	[dbo].[logmessage],[dbo].[splastrowcount]	6
customer	TRANSFORMATION_FINANCEHUB.spDimPosition_hist	[staging_financehub].[dimposition],[transformation_financehub].[dimposition_hist]	[transformation_financehub].[dimposition_hist]	[dbo].[logmessage],[dbo].[splastrowcount]	6
customer	TRANSFORMATION_FINANCEHUB.spDimProjectsNotTracked_hist	[staging_financehub].[dimprojectsnottracked],[transformation_financehub].[dimprojectsnottracked_hist]	[transformation_financehub].[dimprojectsnottracked_hist]	[dbo].[logmessage],[dbo].[splastrowcount]	6
customer	TRANSFORMATION_FINANCEHUB.spGLCognos	[staging_finance_cognos].[v_ccr2powerbi_facts],[transformation_financehub].[glcognos]	[transformation_financehub].[glcognos]	[dbo].[logmessage]	4
customer	TRANSFORMATION_FINANCEHUB.spLkpCountry_hist	[staging_financehub].[lkpcountry],[transformation_financehub].[lkpcountry_hist]	[transformation_financehub].[lkpcountry_hist]	[dbo].[logmessage],[dbo].[splastrowcount]	6
customer	TRANSFORMATION_FINANCEHUB.spLkpDepartment_hist	[staging_financehub].[lkpdepartment],[transformation_financehub].[lkpdepartment_hist]	[transformation_financehub].[lkpdepartment_hist]	[dbo].[logmessage],[dbo].[splastrowcount]	6
customer	TRANSFORMATION_FINANCEHUB.spLoadCadence	[staging_cadence].[cadenceextract],[staging_financehub].[cadenceextract_test],[transformation_financehub].[cadencemetarule]	[staging_financehub].[cadenceextract_test]	-	3
customer	TRANSFORMATION_FINANCEHUB.spLoadPreDQ_Checks	[staging_cadence].[cadenceextract],[transformation_financehub].[dimaccount_hist],[transformation_financehub].[dimaccountdetailscognos_hist],[transformation_financehub].[dimactuality_hist],[transformation_financehub].[dimcompany_hist],[transformation_financehub].[dimdepartment_hist],[transformation_financehub].[dimposition_hist],[transformation_financehub].[glcognos]	-	[dbo].[logmessage]	9

Total: 283 SPs across 3 dacpacs
